True_VaR,Predicted_VaR,VaR_Error,True_ES,Predicted_ES,ES_Error
-1.9451938,-1.8178008,0.127393,-2.100138,-1.9847943,0.11534369
-1.9425684,-1.9006293,0.04193914,-2.0973036,-2.149571,-0.052267313
-1.8927605,-1.8471986,0.04556191,-2.0435283,-1.9745935,0.0689348
-1.8420024,-1.8520081,-0.0100057125,-1.988727,-1.9714123,0.017314672
-1.8427342,-1.9012984,-0.058564186,-1.9895171,-1.9649663,0.024550796
-1.8757677,-1.8520197,0.02374804,-2.0251818,-2.0620687,-0.03688693
-1.8453646,-1.8390032,0.0063613653,-1.992357,-1.9869096,0.0054473877
-1.9581761,-1.8471608,0.11101532,-2.1141546,-1.9641985,0.1499561
-1.9049181,-1.8302629,0.074655175,-2.0566542,-2.0124905,0.044163704
-1.8308152,-1.8438627,-0.013047457,-1.9766487,-1.9820784,-0.0054297447
-1.8757012,-1.8495804,0.026120782,-2.02511,-2.0496895,-0.024579525
-1.8061713,-1.8419375,-0.035766244,-1.9500418,-2.076274,-0.12623215
-1.7300094,-1.834281,-0.10427153,-1.8678132,-1.9886087,-0.12079549
-1.6754398,-1.8192834,-0.14384353,-1.8088968,-2.0201442,-0.21124744
-1.6351725,-1.8687594,-0.2335869,-1.765422,-1.9972928,-0.23187077
-1.5905919,-1.8141657,-0.2235738,-1.7172903,-2.0103567,-0.29306638
-1.6359711,-1.8515035,-0.21553242,-1.7662842,-1.9985497,-0.23226547
-1.5832157,-1.8196868,-0.23647106,-1.7093266,-2.0232916,-0.31396496
-1.5477115,-1.8858529,-0.33814144,-1.6709943,-1.9963714,-0.3253771
-1.5001714,-1.8749825,-0.37481105,-1.6196675,-2.000212,-0.38054442
-1.4793388,-1.829297,-0.34995818,-1.5971754,-2.0205088,-0.4233334
-1.4464382,-1.8757694,-0.42933118,-1.5616541,-1.9991747,-0.43752062
-1.7026608,-1.8644243,-0.16176355,-1.8382862,-2.0081937,-0.16990757
-1.6422153,-1.9193697,-0.27715445,-1.7730258,-2.1504745,-0.3774488
-2.012662,-2.160817,-0.14815497,-2.1729805,-2.0914345,0.08154607
-2.2187948,-2.1781483,0.040646553,-2.3955328,-2.281759,0.11377382
-2.1897666,-1.9204121,0.26935458,-2.3641922,-2.0167563,0.34743595
-2.0841634,-1.8960662,0.18809724,-2.2501774,-2.073128,0.1770494
-1.9896548,-1.8808194,0.10883534,-2.1481407,-1.9913085,0.15683222
-2.0908844,-1.8828692,0.2080152,-2.257434,-2.0476828,0.20975113
-2.5498385,-2.3280897,0.22174883,-2.752946,-1.98802,0.76492596
-2.4900992,-2.2500522,0.24004698,-2.688448,-2.291022,0.3974259
-2.3521304,-1.9988661,0.35326433,-2.5394893,-2.0696368,0.46985245
-2.6417813,-2.4999833,0.14179802,-2.8522124,-2.2153578,0.63685465
-2.5043454,-2.2961316,0.2082138,-2.703829,-2.0014334,0.7023957
-2.3727098,-1.9935731,0.37913668,-2.5617077,-2.0620134,0.49969435
-2.2817893,-2.016742,0.2650473,-2.463545,-2.2545288,0.20901632
-2.163356,-1.8351113,0.3282448,-2.335678,-2.0010111,0.33466697
-2.0706782,-1.8190103,0.25166798,-2.235618,-2.110907,0.12471104
-2.2297478,-1.8286397,0.40110803,-2.4073582,-1.9926604,0.41469777
-2.2423875,-2.0981193,0.14426827,-2.4210048,-2.047516,0.37348866
-2.4490259,-2.025743,0.42328286,-2.644103,-2.036928,0.6071751
-2.7117925,-2.3445559,0.3672366,-2.9278002,-2.188901,0.73889923
-3.197818,-2.8326037,0.36521435,-3.4525402,-2.0304291,1.422111
-3.2313185,-2.5101964,0.721122,-3.488709,-2.210906,1.277803
-3.0542026,-2.3028035,0.75139904,-3.2974849,-2.1160502,1.1814346
-3.0448866,-2.2008014,0.8440852,-3.287427,-2.0702074,1.2172196
-2.8681183,-2.1139796,0.7541387,-3.0965781,-2.0945392,1.002039
-2.843047,-2.0952206,0.74782634,-3.0695095,-1.9811586,1.0883509
-2.747002,-2.1035347,0.6434672,-2.965814,-2.3400037,0.6258104
-2.6696093,-1.9503956,0.7192137,-2.882257,-1.9781219,0.9041351
-2.4985044,-2.0038064,0.49469805,-2.6975226,-1.9962339,0.7012887
-2.3538802,-1.8814665,0.47241366,-2.5413785,-1.9828278,0.5585507
-2.2221656,-2.1246066,0.097558975,-2.399172,-2.06536,0.333812
-2.1539626,-1.8756317,0.27833092,-2.3255363,-1.9917367,0.3337996
-2.34166,-2.2377524,0.103907585,-2.5281847,-2.0770752,0.4511094
-2.278028,-2.0248315,0.25319648,-2.459484,-2.2101705,0.2493136
-2.2523992,-1.8139572,0.438442,-2.431814,-2.0010946,0.43071938
-2.39567,-2.1208196,0.27485037,-2.5864968,-2.0104444,0.5760524
-2.4152403,-2.0356333,0.37960696,-2.6076262,-2.1065416,0.50108457
-2.9536607,-2.9297562,0.023904562,-3.1889343,-2.3724365,0.8164978
-2.9710379,-2.58327,0.3877678,-3.2076957,-2.3803499,0.82734585
-2.8018103,-2.2145813,0.587229,-3.0249882,-2.2010894,0.8238988
-2.7912452,-2.5463967,0.24484849,-3.0135818,-2.3753204,0.6382613
-2.7215128,-2.0771804,0.6443324,-2.9382946,-2.0617266,0.8765681
-2.8908722,-2.2924743,0.598398,-3.1211448,-2.04432,1.0768247
-2.704802,-2.2702339,0.43456817,-2.9202528,-2.1972857,0.72296715
-2.9205804,-2.6179922,0.30258822,-3.1532192,-2.2326837,0.92053556
-3.9608538,-3.86051,0.100343704,-4.2763557,-2.2363853,2.0399704
-3.7811494,-3.0681877,0.7129617,-4.082337,-2.4535744,1.6287625
-3.5189118,-2.6284876,0.89042425,-3.7992108,-2.3377328,1.461478
-3.261853,-2.8130045,0.4488485,-3.5216758,-2.3923178,1.129358
-3.1463242,-2.0125928,1.1337314,-3.3969445,-2.1022632,1.2946813
-3.1322417,-2.2506826,0.88155913,-3.38174,-2.0889301,1.29281
-2.9047236,-2.0623727,0.84235096,-3.1360993,-2.220297,0.91580224
-2.720752,-2.259519,0.4612329,-2.9374733,-1.9801539,0.9573194
-2.5334487,-1.9874163,0.5460324,-2.7352505,-1.969883,0.7653675
-2.4103527,-2.0149271,0.39542556,-2.6023493,-2.0498347,0.55251455
-2.4079664,-2.107932,0.30003428,-2.599773,-2.0851579,0.51461506
-2.701229,-2.1264744,0.5747547,-2.9163954,-1.992428,0.9239675
-2.5925252,-2.2994173,0.293108,-2.7990327,-2.4038289,0.39520383
-2.4191144,-2.039669,0.3794453,-2.6118088,-2.0137255,0.59808326
-2.3636084,-2.1689944,0.19461393,-2.5518816,-2.1570978,0.39478374
-2.299163,-1.9021342,0.39702892,-2.482303,-1.9669118,0.5153911
-2.1744938,-2.2492733,-0.07477951,-2.347703,-2.1746495,0.1730535
-2.0953827,-1.8517302,0.24365246,-2.2622902,-1.993484,0.26880622
-2.0305533,-2.0323234,-0.0017700195,-2.192297,-2.1890862,0.003210783
-1.9211454,-2.0056326,-0.0844872,-2.0741742,-2.1555946,-0.08142042
-1.8205022,-1.8881025,-0.06760037,-1.9655142,-2.1214182,-0.15590405
-1.9843798,-1.9094325,0.07494724,-2.1424456,-1.9645807,0.17786491
-1.8857791,-2.446535,-0.56075597,-2.0359907,-2.2802558,-0.24426508
-1.8191705,-1.9718232,-0.15265274,-1.9640764,-2.015992,-0.051915526
-1.7924699,-1.8164843,-0.024014473,-1.9352489,-2.0339453,-0.09869647
-1.7218479,-1.9179583,-0.19611037,-1.8590015,-2.0993428,-0.2403413
-1.6862642,-2.023956,-0.3376919,-1.8205835,-2.184454,-0.3638705
-1.6886593,-2.101412,-0.41275275,-1.8231694,-2.1939843,-0.37081492
-1.9127244,-1.8627177,0.050006628,-2.0650823,-2.088094,-0.023011684
-1.8917067,-2.5803766,-0.6886699,-2.0423903,-2.3256998,-0.28330946
-1.9617423,-2.0920453,-0.13030303,-2.1180048,-2.1191688,-0.0011639595
-1.8526529,-1.849076,0.0035768747,-2.0002258,-2.0062485,-0.0060226917
-1.7718858,-1.8458447,-0.07395899,-1.9130251,-1.986922,-0.073896885
-1.7239393,-1.8210576,-0.09711826,-1.8612595,-2.0107574,-0.14949799
-1.6381712,-1.8672807,-0.22910953,-1.7686596,-2.0044136,-0.23575401
-2.2923849,-2.4661148,-0.1737299,-2.4749846,-2.1381204,0.33686423
-2.1847124,-2.280241,-0.0955286,-2.3587356,-2.4087045,-0.049968958
-2.044797,-2.0740848,-0.029287815,-2.2076752,-2.0883858,0.1192894
-2.1417515,-2.2317622,-0.09001064,-2.3123527,-2.0740395,0.2383132
-2.0125842,-1.8716075,0.14097667,-2.1728964,-2.0086672,0.16422915
-1.9955117,-1.8240169,0.17149472,-2.154464,-2.0338447,0.1206193
-1.8919235,-1.8961987,-0.0042752028,-2.0426245,-2.08505,-0.042425632
-1.8368038,-1.9033508,-0.066547036,-1.9831144,-2.0163512,-0.03323686
-1.9414431,-1.8325697,0.10887337,-2.0960886,-2.122997,-0.026908398
-1.8382753,-1.8418328,-0.0035574436,-1.984703,-2.008207,-0.023504138
-1.7595975,-1.8897967,-0.1301992,-1.8997581,-1.9632004,-0.06344235
-1.7784374,-1.825889,-0.047451615,-1.9200987,-2.0052469,-0.085148215
-1.7202789,-1.814619,-0.094340086,-1.8573076,-2.0958796,-0.238572
-1.6522102,-1.8594719,-0.20726168,-1.7838169,-2.088471,-0.304654
-1.5806255,-1.8952835,-0.31465793,-1.7065302,-1.9811232,-0.274593
-1.5610662,-1.8609371,-0.29987097,-1.6854128,-2.0088165,-0.32340372
-1.5072519,-1.9335649,-0.42631304,-1.6273118,-1.9654748,-0.33816302
-1.7043636,-1.8325789,-0.12821531,-1.8401245,-1.9944731,-0.15434861
-1.7941049,-1.9345634,-0.14045846,-1.9370142,-2.1195025,-0.18248832
-1.7956284,-1.8437015,-0.048073053,-1.9386591,-2.0521374,-0.1134783
-1.732536,-1.8614293,-0.12889338,-1.870541,-2.129445,-0.2589041
-1.6904659,-1.8354801,-0.14501417,-1.8251199,-1.9976072,-0.17248738
-1.7318639,-1.8292722,-0.097408295,-1.8698152,-1.9627253,-0.09291005
-1.6586528,-1.8292401,-0.1705873,-1.7907727,-2.0131135,-0.22234082
-1.5942802,-1.8330226,-0.23874235,-1.7212725,-1.9957626,-0.27449012
-1.5684621,-1.8669642,-0.2985021,-1.6933979,-2.0003297,-0.30693185
-1.653393,-1.8789402,-0.2255472,-1.7850939,-2.0787191,-0.29362524
-1.6799573,-1.8831673,-0.20321,-1.8137741,-2.1025684,-0.28879428
-1.6595939,-1.8394753,-0.17988133,-1.7917888,-1.956736,-0.16494715
-1.781701,-1.8314236,-0.04972267,-1.9236223,-1.9623761,-0.038753867
-2.127403,-1.9919388,0.13546419,-2.2968612,-2.0922844,0.20457673
-2.0052686,-1.977618,0.027650595,-2.164998,-2.2145329,-0.049534798
-2.0556273,-1.8711679,0.18445945,-2.2193682,-1.9739009,0.2454673
-1.9324353,-1.9643027,-0.031867385,-2.0863633,-2.0887284,-0.0023651123
-2.1967044,-1.8895848,0.3071196,-2.3716826,-1.9713916,0.4002911
-2.142614,-2.0108504,0.13176346,-2.3132837,-2.283463,0.02982068
-2.0813122,-1.8757125,0.20559967,-2.247099,-1.9648938,0.2822051
-2.1264067,-2.076808,0.049598694,-2.2957854,-2.08436,0.21142554
-2.46739,-1.9258786,0.5415114,-2.66393,-1.9575424,0.7063875
-2.590384,-2.1670144,0.42336965,-2.796721,-2.253155,0.543566
-2.4692273,-1.9877148,0.48151255,-2.6659136,-1.9963194,0.66959417
-2.3693178,-1.8302021,0.53911567,-2.5580456,-1.991544,0.5665016
-2.2038057,-1.8618603,0.3419454,-2.3793497,-1.9896138,0.38973594
-2.2180836,-1.913482,0.30460167,-2.394765,-2.0814552,0.31330967
-2.0929651,-1.9405135,0.15245163,-2.2596803,-2.1633668,0.09631348
-1.9657134,-1.8787165,0.08699691,-2.1222923,-1.9805856,0.1417067
-1.8979903,-1.8357925,0.062197804,-2.0491745,-1.9888953,0.06027925
-1.801502,-1.8615202,-0.06001818,-1.9450005,-2.0099041,-0.06490362
-3.2374778,-3.557099,-0.31962132,-3.495359,-2.470833,1.0245259
-3.0728803,-3.084969,-0.012088776,-3.3176503,-2.4141583,0.903492
-2.8376842,-2.4015822,0.4361019,-3.0637197,-2.0793397,0.98438
-3.5464096,-3.2808986,0.26551104,-3.828899,-2.2675576,1.5613413
-3.8835826,-2.6395454,1.2440372,-4.1929293,-2.1252139,2.0677154
-3.9318738,-2.9695084,0.9623654,-4.245067,-2.027033,2.218034
-3.8758376,-3.1956415,0.68019605,-4.1845675,-2.008767,2.1758006
-3.5289035,-2.5396075,0.98929596,-3.8099985,-2.0667086,1.74329
-3.3000588,-2.0437675,1.2562914,-3.5629249,-2.0010207,1.5619042
-3.1627145,-2.1927307,0.9699838,-3.4146404,-2.1722424,1.242398
-3.202507,-2.2189412,0.9835658,-3.4576025,-2.0305798,1.4270227
-2.9459174,-2.370912,0.5750053,-3.1805744,-2.119458,1.0611165
-2.7213273,-2.0670962,0.6542311,-2.9380946,-2.0305643,0.9075303
-2.4985278,-2.239196,0.2593317,-2.697548,-2.0057397,0.6918082
-2.3376427,-1.9386432,0.39899945,-2.5238476,-1.9667295,0.55711806
-2.1615777,-1.8264481,0.33512962,-2.3337579,-2.168551,0.16520691
-2.0255287,-1.8701781,0.15535057,-2.186872,-2.003988,0.18288398
-2.6221247,-2.6981564,-0.076031685,-2.8309898,-2.0827742,0.7482157
-2.4219832,-2.3961806,0.025802612,-2.6149063,-2.3184273,0.296479
-2.2617123,-2.1245904,0.13712192,-2.4418688,-2.108618,0.33325076
-2.1096163,-2.4503293,-0.34071302,-2.2776575,-2.2753663,0.0022912025
-2.0749583,-1.8964431,0.1785152,-2.2402391,-1.9612813,0.27895784
-2.0827131,-1.9947278,0.08798528,-2.2486115,-2.277274,-0.028662443
-1.9484065,-1.8300017,0.118404746,-2.1036067,-1.9835438,0.12006295
-1.8894196,-1.8649015,0.024518013,-2.039921,-2.1324472,-0.0925262
-1.7984699,-1.8419682,-0.043498278,-1.9417269,-2.0439503,-0.1022234
-1.8035215,-1.9006159,-0.09709442,-1.9471809,-2.0494998,-0.10231888
-1.7895439,-2.022996,-0.23345208,-1.9320898,-2.011327,-0.07923722
-1.8092188,-1.8764644,-0.0672456,-1.953332,-2.0775669,-0.124234915
-1.9467933,-1.9086927,0.0381006,-2.101865,-2.1958945,-0.09402943
-1.8954393,-1.8552073,0.040231943,-2.0464203,-2.0031004,0.04331994
-1.9073867,-1.8471069,0.060279727,-2.0593195,-1.9886568,0.07066274
-1.8022226,-2.5312612,-0.7290386,-1.9457786,-2.3059595,-0.36018085
-1.8215665,-2.473846,-0.6522795,-1.9666632,-2.3392262,-0.372563
-1.7331989,-1.8566477,-0.12344885,-1.8712567,-2.0045733,-0.13331664
-1.6492932,-1.840295,-0.19100177,-1.7806675,-2.015379,-0.23471141
-1.5901695,-1.8481206,-0.25795102,-1.7168344,-2.126161,-0.40932667
-1.5959762,-1.893485,-0.29750872,-1.7231035,-2.0601556,-0.3370521
-2.0765097,-1.9854732,0.09103656,-2.241914,-2.037287,0.20462704
-2.1337237,-2.0016527,0.13207102,-2.3036854,-2.0974026,0.20628285
-2.050798,-2.010446,0.040351868,-2.2141542,-2.066821,0.14733315
-1.9938822,-1.8335513,0.16033089,-2.1527047,-2.0026884,0.15001631
-2.293528,-1.8523933,0.4411348,-2.476219,-1.9956449,0.480574
-2.2943063,-2.0350313,0.25927496,-2.4770591,-2.2592528,0.21780634
-2.3197696,-1.9272892,0.39248037,-2.5045507,-1.9856511,0.51889956
-2.602521,-2.1716716,0.4308493,-2.8098247,-2.0556738,0.75415087
-2.3960164,-2.1123667,0.28364968,-2.586871,-1.9590545,0.62781644
-2.228131,-1.9472197,0.28091133,-2.4056127,-2.0481725,0.35744023
-2.1109989,-1.8220944,0.28890443,-2.2791505,-1.988381,0.29076946
-2.0119467,-1.8236449,0.1883018,-2.1722083,-2.0078447,0.16436362
-1.9782288,-1.8199879,0.15824091,-2.1358044,-2.0835147,0.052289724
-1.8677782,-1.8342988,0.033479333,-2.016556,-2.0615077,-0.044951677
-1.8149805,-1.8151673,-0.00018680096,-1.9595526,-1.9805955,-0.021042824
-1.7482028,-1.8151494,-0.066946626,-1.8874558,-2.008092,-0.120636106
-1.7290735,-1.8510875,-0.12201393,-1.8668027,-1.9926927,-0.12589002
-1.6550611,-1.8199649,-0.16490376,-1.7868948,-2.0064666,-0.21957183
-1.591692,-1.8170209,-0.22532892,-1.7184781,-2.019956,-0.30147803
-1.5602012,-1.8480232,-0.287822,-1.6844789,-2.1128993,-0.42842042
-1.5129011,-1.8609543,-0.34805322,-1.6334112,-2.0074415,-0.37403035
-1.6089435,-1.8559598,-0.24701631,-1.7371037,-1.9840604,-0.2469567
-1.5492193,-1.8352287,-0.28600943,-1.6726222,-1.9860784,-0.31345618
-1.6667404,-1.873477,-0.20673656,-1.7995045,-1.9736689,-0.17416441
-1.6235508,-1.830215,-0.2066642,-1.7528745,-2.0058036,-0.2529291
-1.8903276,-1.9577627,-0.067435145,-2.0409014,-2.0236135,0.01728797
-1.8265226,-1.9583828,-0.13186026,-1.9720141,-2.2653923,-0.29337823
-1.7346506,-1.8133534,-0.07870281,-1.8728241,-1.9873712,-0.11454713
-1.6544309,-1.8256441,-0.17121327,-1.7862144,-2.0030947,-0.21688032
-1.6132908,-1.8529967,-0.23970592,-1.7417973,-2.0086339,-0.26683652
-1.6934069,-1.859742,-0.1663351,-1.8282951,-1.970752,-0.14245689
-1.6096271,-1.8292837,-0.21965659,-1.7378418,-1.9895585,-0.2517166
-1.5475374,-1.879041,-0.3315035,-1.6708064,-2.0742373,-0.40343094
-1.7116063,-1.8584868,-0.14688051,-1.8479441,-1.9796512,-0.13170707
-1.6351292,-1.8134562,-0.17832696,-1.7653753,-2.0090225,-0.24364722
-1.7275541,-1.8162937,-0.08873963,-1.8651623,-1.9832397,-0.1180774
-1.6684825,-1.8287948,-0.1603123,-1.8013854,-1.9729266,-0.17154121
-1.76546,-1.8444514,-0.07899141,-1.9060876,-1.9684291,-0.06234145
-1.7100984,-1.9007074,-0.19060898,-1.8463161,-2.1561642,-0.30984807
-1.7191975,-1.8189559,-0.09975839,-1.8561401,-1.990848,-0.13470781
-2.0202103,-1.9284141,0.09179616,-2.18113,-2.068876,0.112253904
-2.0736978,-1.9214865,0.15221131,-2.238878,-2.0352712,0.20360684
-1.9417988,-1.8256797,0.11611915,-2.0964727,-1.9599867,0.13648605
-3.6304023,-3.7365453,-0.106143,-3.919582,-2.4935389,1.426043
-3.3007112,-3.1307807,0.16993046,-3.5636292,-2.3718817,1.1917474
-3.3847432,-2.8767605,0.50798273,-3.654355,-2.4975443,1.1568108
-3.1541502,-3.0798512,0.0742991,-3.405394,-2.0551481,1.350246
-2.8669748,-2.147433,0.7195418,-3.0953436,-2.094797,1.0005467
-2.6244998,-2.2310462,0.3934536,-2.8335543,-2.0993211,0.73423314
-2.406208,-1.9471754,0.45903265,-2.5978742,-2.0241714,0.5737028
-2.2345672,-2.1411169,0.09345031,-2.4125614,-2.0496926,0.3628688
-2.1648102,-1.9372416,0.22756863,-2.337248,-2.1693604,0.16788769
-2.0007071,-2.0686471,-0.06794,-2.1600733,-2.1906178,-0.03054452
-2.4405608,-2.2219307,0.21863008,-2.6349638,-2.2474456,0.38751817
-2.2921243,-2.0940738,0.1980505,-2.4747033,-2.1641593,0.310544
-2.5525455,-2.1954463,0.3570993,-2.7558684,-2.1356125,0.62025595
-2.3828158,-2.0598953,0.32292056,-2.572619,-2.4924245,0.08019447
-2.2671273,-1.9574947,0.30963254,-2.447715,-2.00441,0.44330502
-2.3657744,-2.3375003,0.02827406,-2.55422,-2.1629002,0.39131975
-2.3950486,-1.933342,0.46170664,-2.5858262,-1.9940081,0.5918181
-2.2508736,-1.9400882,0.3107854,-2.4301667,-2.0594451,0.37072158
-2.102324,-1.8417428,0.26058125,-2.2697847,-1.9666154,0.30316925
-2.0099835,-1.8370732,0.17291033,-2.1700885,-2.1571703,0.012918234
-2.0106826,-1.8304491,0.18023348,-2.1708434,-1.9780335,0.19280982
-1.9316458,-1.9471166,-0.015470862,-2.0855107,-2.1516314,-0.066120625
-1.9663434,-2.0151317,-0.04878831,-2.1229725,-2.1902914,-0.06731892
-2.16605,-1.9300325,0.23601747,-2.3385866,-2.0043774,0.3342092
-2.2052224,-1.9143003,0.29092205,-2.3808792,-1.9930422,0.38783693
-2.8826566,-2.7267838,0.15587282,-3.1122744,-2.1178405,0.9944339
-2.837991,-2.4367545,0.40123653,-3.0640512,-2.336037,0.72801423
-2.6023443,-2.1109169,0.49142742,-2.8096337,-2.1972687,0.612365
-2.4658368,-2.4561117,0.009725094,-2.662253,-2.3107789,0.35147405
-2.3601162,-1.8304543,0.5296619,-2.5481112,-1.9665216,0.5815896
-2.175883,-2.3182528,-0.14236975,-2.3492029,-2.2246354,0.12456751
-2.0692997,-1.8762326,0.19306707,-2.2341297,-1.9885023,0.2456274
-1.9277147,-1.8674634,0.060251355,-2.0812666,-1.9741979,0.10706878
-1.9422017,-1.9138268,0.02837491,-2.0969076,-1.9556148,0.14129281
-1.8723308,-1.8870251,-0.014694333,-2.0214713,-2.138582,-0.11711073
-1.8137567,-1.886187,-0.07243025,-1.9582313,-1.9652683,-0.0070369244
-1.8591852,-1.821315,0.03787017,-2.0072784,-2.0786898,-0.07141137
-1.9242753,-1.8214508,0.10282445,-2.0775533,-2.0233414,0.054211855
-1.8251688,-1.9383817,-0.113212824,-1.9705526,-2.1873755,-0.21682298
-1.72106,-1.8686931,-0.14763308,-1.858151,-1.98225,-0.124099016
-1.968678,-1.9062512,0.062426805,-2.125493,-2.0305784,0.094914675
-1.8372532,-1.8585541,-0.021300912,-1.9835994,-2.1089044,-0.12530494
-1.7817252,-1.8443483,-0.06262314,-1.9236484,-1.9556683,-0.032019973
-1.9638203,-1.8969443,0.066876054,-2.1202483,-2.0731459,0.04710245
-1.8417506,-1.8454201,-0.0036695004,-1.9884552,-2.041426,-0.052970767
-1.9195578,-1.8754818,0.044075966,-2.0724602,-1.9694158,0.10304439
-1.8702776,-1.8662102,0.004067421,-2.0192544,-2.0229893,-0.003734827
-1.7844732,-1.8514259,-0.066952705,-1.9266152,-1.9576728,-0.031057596
-1.8205862,-1.8763173,-0.055731058,-1.9656049,-1.9623553,0.0032496452
-1.7215284,-1.8243767,-0.10284829,-1.8586566,-1.9922141,-0.13355744
-1.6706945,-1.8808848,-0.2101903,-1.8037735,-1.9814676,-0.17769408
-1.5865805,-1.8199072,-0.23332667,-1.7129595,-2.1302052,-0.41724563
-1.5592778,-1.8171657,-0.25788796,-1.6834818,-2.009053,-0.32557118
-1.6974379,-1.8392807,-0.14184284,-1.8326471,-2.0374968,-0.20484972
-1.7070835,-1.8313911,-0.12430763,-1.8430611,-1.983067,-0.14000595
-1.8245299,-1.9015188,-0.076988935,-1.9698627,-1.9777023,-0.0078395605
-1.7517724,-1.8176048,-0.06583238,-1.8913097,-1.9614534,-0.0701437
-1.7071526,-1.8139879,-0.106835246,-1.8431356,-1.9846972,-0.14156163
-1.6838878,-1.835045,-0.15115714,-1.8180177,-1.9933879,-0.17537022
-1.6004966,-1.8275733,-0.22707665,-1.7279842,-1.9913756,-0.26339138
-1.5503565,-1.88984,-0.3394835,-1.67385,-1.9988849,-0.32503486
-1.5152587,-1.8323666,-0.31710792,-1.6359564,-2.0168068,-0.38085043
-1.4942774,-1.8736061,-0.37932873,-1.6133039,-1.977143,-0.36383915
-1.4316468,-1.8240702,-0.3924234,-1.5456846,-2.0092478,-0.4635632
-1.3802757,-1.828765,-0.4484893,-1.4902215,-2.017609,-0.5273874
-1.3777031,-1.8523852,-0.4746821,-1.4874439,-2.0090475,-0.5216036
-1.536862,-1.8563417,-0.3194797,-1.6592805,-1.9827747,-0.3234942
-1.5462401,-1.8209486,-0.2747085,-1.6694057,-1.9917065,-0.3223008
-1.4430618,-1.853451,-0.41038918,-1.5580088,-1.9671679,-0.40915906
-1.418889,-1.8191671,-0.4002781,-1.5319105,-2.0039527,-0.4720422
-1.6935176,-1.8463024,-0.15278482,-1.8284146,-1.9704993,-0.14208472
-1.5923221,-1.8723435,-0.28002143,-1.7191584,-2.0845325,-0.3653741
-1.5296108,-1.8287603,-0.2991495,-1.6514518,-1.9934286,-0.34197676
-1.4578418,-1.868229,-0.41038728,-1.573966,-1.9824295,-0.40846348
-1.4051154,-1.8270988,-0.42198348,-1.5170397,-2.0198042,-0.5027646
-2.0158231,-2.027329,-0.011505842,-2.1763935,-2.0471244,0.12926912
-2.146999,-2.0567718,0.09022713,-2.318018,-2.1946437,0.12337422
-2.2718847,-2.0224872,0.24939752,-2.4528515,-1.9588372,0.49401438
-2.1004665,-2.1130013,-0.012534857,-2.267779,-2.0641062,0.20367289
-2.157241,-1.8950617,0.26217937,-2.329076,-1.9763179,0.35275817
-2.4432306,-2.1556895,0.28754115,-2.6378462,-2.0959601,0.5418861
-2.2287724,-1.9175498,0.31122255,-2.406305,-2.059114,0.3471911
-2.0983176,-1.8870453,0.21127236,-2.265459,-2.029298,0.236161
-1.936928,-1.8312008,0.105727196,-2.091214,-2.0065346,0.084679365
-1.803972,-1.8192463,-0.015274286,-1.9476672,-2.0064313,-0.0587641
-2.0929627,-1.9487928,0.14416993,-2.2596776,-2.0133958,0.24628186
-1.9476758,-1.9384317,0.009244084,-2.1028178,-2.1379178,-0.035099983
-2.3624694,-2.1627586,0.19971085,-2.550652,-2.129407,0.4212451
-2.1860378,-2.1710825,0.014955282,-2.3601665,-2.2877665,0.07240009
-2.1664982,-2.0006814,0.16581678,-2.3390706,-2.0204496,0.31862092
-2.0025537,-1.8969791,0.10557461,-2.1620672,-2.2500358,-0.08796859
-2.0678477,-1.8190503,0.24879742,-2.232562,-1.9553224,0.27723968
-2.9288375,-2.9069953,0.021842241,-3.1621342,-2.1030447,1.0590894
-2.6883817,-2.489716,0.19866562,-2.9025247,-2.297864,0.60466075
-2.4900181,-2.1346855,0.3553326,-2.6883605,-2.2494972,0.43886328
-2.3005736,-2.1793337,0.1212399,-2.4838257,-2.0639021,0.41992354
-2.747263,-2.383509,0.36375403,-2.9660962,-2.278765,0.6873312
-2.826963,-2.4136686,0.41329432,-3.0521448,-2.308247,0.7438977
-2.5695937,-2.0369418,0.5326519,-2.7742743,-2.1173596,0.6569147
-2.4920385,-2.2537885,0.23825002,-2.6905417,-1.9782488,0.7122929
-2.2991037,-1.9052052,0.3938985,-2.4822388,-2.000283,0.48195577
-2.133614,-1.8189192,0.31469488,-2.3035672,-2.0366437,0.26692343
-2.0146713,-1.8154109,0.19926047,-2.17515,-1.9946327,0.1805172
-1.8635474,-1.8307105,0.032836914,-2.0119882,-2.0000193,0.011968851
-1.8904184,-1.8617961,0.02862227,-2.0409997,-2.0162792,0.02472043
-1.983543,-1.9035504,0.07999265,-2.141542,-2.164692,-0.023149967
-2.40618,-2.0194647,0.38671517,-2.5978441,-2.0025568,0.5952873
-2.6889338,-2.1083257,0.5806081,-2.903121,-2.1886084,0.7145126
-2.5741694,-2.2421741,0.33199525,-2.7792149,-2.0188751,0.76033974
-2.38954,-1.8567333,0.53280663,-2.5798788,-2.072247,0.5076318
-2.189978,-1.8975941,0.2923838,-2.3644204,-1.9672868,0.3971336
-2.0270548,-1.8566171,0.1704377,-2.1885197,-2.0462427,0.142277
-1.8814294,-1.8804358,0.0009936094,-2.0312946,-2.1546328,-0.12333822
-2.0120895,-1.8991265,0.11296296,-2.1723623,-1.9676628,0.20469952
-1.902603,-1.9020988,0.0005042553,-2.0541549,-2.071724,-0.017569065
-1.8211062,-1.8750968,-0.053990602,-1.9661663,-1.9651402,0.0010260344
-1.7488514,-1.8145698,-0.06571841,-1.888156,-1.9705694,-0.082413316
-1.7906222,-1.8894668,-0.09884453,-1.9332541,-1.9637643,-0.030510187
-1.7140315,-1.9573388,-0.24330735,-1.8505626,-2.1899936,-0.33943105
-1.662347,-1.8480105,-0.18566358,-1.7947611,-1.992353,-0.1975919
-2.0844707,-2.0315576,0.05291319,-2.2505093,-1.9632136,0.2872957
-2.0167542,-2.1795266,-0.16277242,-2.1773984,-1.96722,0.2101785
-1.900076,-1.8534598,0.046616197,-2.0514264,-1.9887041,0.062722325
-1.9230565,-1.8906752,0.032381296,-2.0762374,-1.9696962,0.106541276
-1.8931358,-1.8608413,0.03229451,-2.0439334,-1.9716538,0.07227957
-1.7715204,-1.8180401,-0.046519756,-1.9126308,-1.9664388,-0.053807974
-1.8891671,-1.8715458,0.017621279,-2.0396485,-1.9727421,0.06690645
-1.99509,-1.8877689,0.10732114,-2.1540089,-2.0782864,0.075722456
-2.099496,-1.8681571,0.23133874,-2.2667313,-1.9805152,0.28621602
-2.0656435,-1.9647299,0.100913644,-2.2301824,-2.0074337,0.22274876
-1.957057,-1.8627898,0.09426725,-2.1129463,-1.9705241,0.1424222
-1.8217254,-1.818913,0.0028123856,-1.9668347,-1.9896697,-0.022835016
-1.7796233,-1.863408,-0.0837847,-1.9213791,-2.0426009,-0.12122178
-1.6721879,-1.8912926,-0.21910465,-1.8053858,-2.1484206,-0.34303474
-1.5797011,-1.8360115,-0.25631046,-1.705532,-2.006572,-0.30104005
-1.6926714,-1.8825477,-0.18987632,-1.827501,-1.986416,-0.15891492
-1.7683502,-2.1049724,-0.33662212,-1.909208,-2.091228,-0.18201995
-1.7340816,-1.8217219,-0.087640285,-1.8722098,-1.9847994,-0.1125896
-1.8724991,-1.8326892,0.039809942,-2.021653,-1.9599007,0.0617522
-1.7500557,-1.8757533,-0.12569761,-1.8894563,-2.0901954,-0.20073915
-1.6452515,-1.8604007,-0.21514916,-1.7763039,-1.995131,-0.21882713
-2.009251,-1.9789706,0.03028047,-2.169298,-1.971751,0.19754696
-2.0575223,-2.0403802,0.017142057,-2.221414,-2.1802697,0.04114437
-2.4318862,-2.041106,0.3907802,-2.625598,-2.01909,0.606508
-2.301685,-2.214734,0.08695102,-2.4850256,-2.0912538,0.3937719
-2.2897556,-1.914164,0.37559164,-2.472146,-2.010173,0.46197295
-2.1339371,-1.9222994,0.21163774,-2.3039157,-2.1530993,0.15081644
-1.9787685,-1.8409187,0.13784981,-2.136387,-2.000538,0.135849
-1.846543,-1.8267025,0.019840479,-1.9936292,-2.196832,-0.20320272
-1.8302835,-1.8406632,-0.010379672,-1.9760746,-2.0075223,-0.03144777
-2.3631935,-2.2873335,0.07586002,-2.5514336,-2.2043939,0.3470397
-3.7272928,-3.4871387,0.24015403,-4.02419,-2.2101405,1.8140495
-4.313445,-3.245225,1.0682201,-4.657033,-1.9738002,2.6832328
-4.006255,-3.1032705,0.9029846,-4.3253736,-2.098738,2.2266357
-4.631193,-3.726581,0.90461206,-5.000091,-2.5792265,2.4208646
-4.2511477,-3.1285758,1.122572,-4.589773,-2.1493838,2.4403894
-3.9900753,-2.5149703,1.475105,-4.307905,-2.2797794,2.0281258
-6.8132267,-4.580702,2.2325249,-7.355934,-2.3962123,4.9597216
-6.0374947,-3.4200768,2.6174178,-6.5184116,-2.1982434,4.3201685
-5.3955045,-3.5644813,1.8310232,-5.8252835,-2.5592628,3.2660208
-5.4550896,-3.6101265,1.8449631,-5.8896146,-2.1449776,3.744637
-5.6302423,-3.3799262,2.2503161,-6.078719,-2.505875,3.572844
-4.9728103,-3.1072888,1.8655214,-5.3689194,-2.2157884,3.153131
-5.4978294,-4.039795,1.4580345,-5.9357586,-2.8236027,3.112156
-4.8722105,-3.5256286,1.3465819,-5.2603064,-2.0179274,3.242379
-5.1167364,-3.6972876,1.4194489,-5.52431,-3.0378113,2.4864988
-4.539672,-3.5574272,0.98224473,-4.9012794,-2.0956597,2.8056197
-4.1705256,-3.3713107,0.79921484,-4.5027285,-2.571763,1.9309654
-3.8672714,-3.5243878,0.3428836,-4.1753187,-2.057615,2.1177037
-3.4853816,-3.0150442,0.4703374,-3.7630095,-2.203615,1.5593946
-4.320679,-4.089698,0.23098135,-4.6648426,-2.6310616,2.033781
-3.942248,-3.363151,0.57909703,-4.2562675,-1.9733604,2.282907
-3.739831,-3.499185,0.24064589,-4.0377274,-2.6576319,1.3800955
-4.44242,-3.7865336,0.6558864,-4.796281,-2.212286,2.5839949
-4.019352,-3.120685,0.89866686,-4.339514,-1.9742352,2.3652787
-3.8781044,-3.3156703,0.5624342,-4.1870146,-2.7567048,1.4303098
-3.5485244,-3.3736904,0.17483401,-3.831182,-1.9819198,1.8492622
-3.9263778,-3.4159174,0.5104604,-4.2391334,-2.8787642,1.3603692
-3.5465376,-3.4202135,0.12632418,-3.8290372,-1.9789397,1.8500975
-3.290238,-3.4453313,-0.15509343,-3.5523214,-2.3258681,1.2264533
-3.3890772,-3.7537851,-0.36470795,-3.6590343,-2.1457515,1.5132828
-3.811803,-3.5506883,0.26111484,-4.1154323,-2.7337542,1.3816781
-3.6540353,-3.3681133,0.28592205,-3.9450974,-2.107755,1.8373425
-3.4475858,-3.1332808,0.31430507,-3.7222033,-2.5257354,1.1964679
-3.763712,-3.4277768,0.33593512,-4.06351,-2.2112231,1.8522868
-3.3977613,-3.0375729,0.36018848,-3.66841,-2.1453638,1.5230463
-3.0865622,-3.330039,-0.24347687,-3.3324223,-2.4427028,0.8897195
-2.888627,-3.5458546,-0.6572275,-3.1187205,-2.2546604,0.86406016
-2.976112,-3.4648705,-0.48875856,-3.213174,-2.4705572,0.7426169
-2.8988006,-2.964248,-0.06544733,-3.1297045,-2.134344,0.9953604
-2.6569054,-2.047227,0.6096785,-2.868541,-2.0841615,0.7843795
-2.671362,-2.9446602,-0.27329826,-2.884149,-2.049594,0.83455515
-2.469583,-2.696694,-0.22711086,-2.6662977,-2.395429,0.27086878
-2.2572653,-2.8903444,-0.63307905,-2.4370677,-2.006481,0.4305868
-2.344549,-3.511191,-1.166642,-2.531304,-2.4350877,0.0962162
-2.774473,-2.5942187,0.18025422,-2.9954734,-2.5519264,0.443547
-2.5341458,-2.5610385,-0.026892662,-2.736003,-2.2002716,0.5357313
-2.353129,-2.1686606,0.18446827,-2.5405674,-2.1178558,0.4227116
-3.2061946,-3.3068688,-0.10067415,-3.461584,-2.2923908,1.1691933
-3.1811905,-2.6493678,0.5318227,-3.434588,-2.3795657,1.0550222
-3.521174,-3.2712061,0.24996781,-3.801653,-2.4477148,1.3539381
-3.2015638,-3.1075277,0.0940361,-3.4565845,-2.0045984,1.4519861
-3.207617,-2.7989693,0.40864778,-3.4631197,-2.6175797,0.84554005
-3.1060357,-2.9267259,0.17930984,-3.353447,-2.052849,1.3005979
-2.8979926,-2.4830356,0.41495705,-3.1288323,-2.3180325,0.81079984
-2.8179116,-2.5757594,0.24215221,-3.0423722,-2.1814392,0.86093307
-2.6694586,-2.0994277,0.5700309,-2.8820944,-2.1769824,0.705112
-2.4431784,-1.9079264,0.535252,-2.6377897,-2.1104956,0.52729416
-2.461857,-1.8184191,0.643438,-2.6579561,-1.9590396,0.69891655
-2.2566264,-1.9181823,0.3384441,-2.436378,-2.0749967,0.3613813
-2.0648675,-2.1040478,-0.03918028,-2.2293444,-2.0960944,0.13325
-2.2205133,-2.4188914,-0.19837809,-2.3973882,-2.3452187,0.05216956
-2.0657623,-2.0131755,0.052586794,-2.2303104,-2.0925388,0.1377716
-1.903908,-1.813991,0.08991706,-2.0555637,-2.0165966,0.038967133
-1.8434019,-2.076908,-0.2335062,-1.990238,-2.0304594,-0.040221453
-1.7814094,-1.8157332,-0.03432381,-1.9233074,-1.9854852,-0.062177777
-1.714217,-1.8807937,-0.16657674,-1.8507628,-1.9667132,-0.115950346
-1.6535308,-1.8376908,-0.18416,-1.7852428,-2.0036073,-0.21836448
-1.6994855,-1.905759,-0.20627344,-1.834858,-1.9640902,-0.12923229
-1.6218587,-1.8574741,-0.23561537,-1.7510477,-2.0456738,-0.29462612
-1.5617898,-1.8870287,-0.32523894,-1.686194,-2.109126,-0.42293215
-1.4796708,-1.8753693,-0.39569855,-1.5975338,-2.008074,-0.41054022
-1.5812027,-1.9195966,-0.3383938,-1.7071533,-1.9896038,-0.28245044
-1.9241866,-1.9104807,0.01370585,-2.0774574,-2.030679,0.04677844
-1.8893511,-1.9626087,-0.073257565,-2.0398471,-2.0993114,-0.059464216
-3.1936054,-3.2607286,-0.067123175,-3.447992,-2.4386039,1.0093882
-3.3262274,-2.94873,0.37749743,-3.591178,-2.3405156,1.2506623
-3.0923295,-2.43904,0.65328956,-3.3386488,-2.3159904,1.0226583
-2.9929311,-2.7969894,0.19594169,-3.2313328,-2.2810907,0.95024204
-2.7941413,-1.9437137,0.8504276,-3.0167089,-1.9809458,1.035763
-2.6131814,-1.9093325,0.70384884,-2.8213341,-1.9827259,0.83860826
-2.4997327,-2.039203,0.4605298,-2.6988487,-2.2844167,0.41443205
-2.7075076,-2.3191454,0.38836217,-2.9231741,-2.1994972,0.7236769
-2.5957546,-2.2555733,0.34018135,-2.8025193,-2.1544907,0.6480286
-2.4156773,-1.8894215,0.52625585,-2.608098,-2.0422826,0.56581545
-2.6228542,-2.3868914,0.23596287,-2.8317776,-2.4161692,0.4156084
-2.479013,-2.2184985,0.2605145,-2.6764786,-2.0995462,0.57693243
-2.293108,-2.0316138,0.26149416,-2.4757652,-1.9559845,0.51978076
-3.747436,-4.058037,-0.31060076,-4.045938,-2.4362743,1.6096637
-3.3747654,-3.162763,0.21200228,-3.643582,-2.3065958,1.3369863
-3.0654984,-2.652262,0.41323638,-3.3096805,-2.2049973,1.1046832
-2.8522053,-3.2036874,-0.35148215,-3.0793977,-2.422364,0.6570337
-3.125683,-2.7825036,0.34317946,-3.374659,-2.5634193,0.8112397
-2.8695798,-2.72008,0.1494999,-3.098156,-2.1633358,0.9348202
-2.7176075,-2.4378948,0.27971268,-2.9340785,-2.1327622,0.80131626
-3.3676476,-3.808618,-0.44097042,-3.6358976,-2.3392804,1.2966173
-3.141324,-2.7419624,0.3993616,-3.391546,-2.3828292,1.0087168
-2.9281638,-2.6103215,0.31784225,-3.1614065,-2.2636616,0.8977449
-2.7728028,-2.7618837,0.010919094,-2.9936705,-2.330744,0.66292644
-2.644507,-2.0610151,0.5834918,-2.855155,-2.117513,0.73764205
-2.451629,-1.9810929,0.470536,-2.6469133,-2.3877926,0.2591207
-2.36295,-2.5222378,-0.15928769,-2.5511708,-2.0079,0.5432708
-2.8650637,-3.3558464,-0.49078274,-3.09328,-2.060135,1.0331452
-2.6141346,-2.4984703,0.11566424,-2.8223634,-2.413505,0.4088583
-2.8603964,-3.3404431,-0.48004675,-3.0882413,-2.9039187,0.1843226
-2.7768073,-2.67975,0.09705734,-2.997994,-2.1017237,0.8962703
-2.5438778,-1.9830396,0.5608382,-2.7465103,-2.0432515,0.70325875
-2.4143152,-2.313579,0.10073614,-2.6066275,-2.1452906,0.46133685
-2.2296948,-1.9983803,0.23131454,-2.4073012,-2.1797342,0.22756696
-2.1091564,-2.0780866,0.031069756,-2.2771611,-2.0995247,0.17763638
-2.1329176,-2.1163423,0.016575336,-2.302815,-2.2863913,0.016423702
-2.1968043,-2.557568,-0.3607638,-2.3717904,-2.377449,-0.0056586266
-2.333459,-2.2287936,0.10466528,-2.5193305,-2.2412717,0.27805877
-2.4956405,-1.9742458,0.5213947,-2.6944306,-2.1294508,0.5649798
-2.3617618,-2.0622406,0.2995212,-2.549888,-2.2564766,0.29341125
-2.3450904,-2.5045285,-0.15943813,-2.5318885,-2.064925,0.46696353
-2.162828,-2.5654125,-0.40258455,-2.3351078,-2.5223954,-0.18728757
-2.0306282,-3.5833163,-1.5526881,-2.1923778,-2.6065903,-0.41421247
-2.278193,-2.714801,-0.43660808,-2.4596622,-2.5504699,-0.09080768
-2.1344922,-2.2057042,-0.07121205,-2.304515,-2.0359485,0.26856637
-2.2161882,-1.9861511,0.2300371,-2.3927186,-2.0014033,0.39131522
-2.0632184,-2.0445027,0.01871562,-2.2275639,-2.1216526,0.105911255
-2.3676054,-2.2195885,0.14801693,-2.556197,-2.1929793,0.3632176
-3.0669599,-2.8277612,0.23919868,-3.3112583,-1.9989239,1.3123344
-2.9416919,-2.5174568,0.4242351,-3.1760123,-1.974168,1.2018443
-2.9827638,-2.6996412,0.28312254,-3.2203555,-2.5965028,0.6238527
-2.7210054,-2.3973272,0.32367826,-2.937747,-1.9836142,0.9541328
-3.336704,-2.9625335,0.37417054,-3.602489,-2.642084,0.9604051
-3.0970054,-2.855754,0.24125147,-3.343697,-2.2329233,1.1107738
-3.1049974,-2.5529454,0.552052,-3.352326,-2.3532307,0.9990952
-2.8429048,-2.5504522,0.29245257,-3.0693564,-2.35887,0.7104864
-2.6118834,-2.0837457,0.5281377,-2.819933,-2.0550783,0.76485467
-2.4201999,-2.4766917,-0.05649185,-2.6129808,-2.1354022,0.47757864
-2.6887383,-2.038411,0.65032744,-2.9029098,-2.0999472,0.80296254
-2.4657679,-2.3816402,0.084127665,-2.6621785,-2.076187,0.5859916
-2.270125,-1.9720981,0.2980268,-2.4509516,-1.9928112,0.45814037
-2.1876075,-2.2321177,-0.044510126,-2.3618615,-2.2137997,0.14806175
-2.1596622,-1.9051019,0.25456035,-2.33169,-1.9587854,0.37290466
-2.0032885,-1.9096538,0.093634725,-2.1628604,-2.1900132,-0.027152777
-2.8931417,-2.8504996,0.042642117,-3.123595,-2.4106321,0.71296287
-2.8354907,-2.6272526,0.20823812,-3.0613515,-2.3761384,0.6852131
-2.697624,-2.3012588,0.39636517,-2.9125032,-2.2913804,0.62112284
-2.920801,-2.776898,0.14390302,-3.1534572,-2.0122755,1.1411817
-2.7131746,-2.2723925,0.44078207,-2.9292924,-2.172808,0.7564845
-2.6338358,-2.1501923,0.48364353,-2.843634,-2.0925531,0.75108075
-2.9688413,-2.707307,0.2615342,-3.2053242,-2.1420233,1.0633008
-2.9392724,-2.2133718,0.72590065,-3.1734002,-2.2969594,0.87644076
-2.7242289,-2.1350572,0.58917165,-2.941227,-2.0012367,0.9399903
-2.515828,-1.9672428,0.54858506,-2.716226,-2.150239,0.5659871
-2.778364,-2.781443,-0.003079176,-2.9996743,-2.123324,0.8763504
-2.6454332,-2.4389358,0.20649743,-2.8561552,-2.1342468,0.72190833
-2.56226,-2.0779574,0.48430252,-2.7663565,-2.1304953,0.63586116
-2.5391583,-2.3962111,0.1429472,-2.7414148,-2.065854,0.6755607
-2.4298525,-1.8986197,0.53123283,-2.623402,-1.9770483,0.64635384
-2.69555,-2.3203456,0.37520432,-2.910264,-1.9626114,0.9476526
-2.4960384,-2.2174554,0.27858305,-2.6948602,-2.2467122,0.448148
-2.5927713,-2.2579439,0.33482742,-2.7992983,-2.2637248,0.5355735
-2.6090739,-2.2236104,0.38546348,-2.8168995,-2.125368,0.6915314
-2.4111412,-1.9559183,0.45522285,-2.6032004,-2.030531,0.5726695
-2.282536,-1.9256294,0.35690665,-2.4643512,-1.9617372,0.502614
-2.1421838,-1.8604876,0.2816962,-2.3128192,-2.008246,0.3045733
-2.005421,-1.8588927,0.14652824,-2.1651626,-2.1019428,0.063219786
-2.1075656,-1.989644,0.11792159,-2.2754436,-2.0372472,0.23819637
-1.9969461,-1.923899,0.07304704,-2.1560128,-2.0416484,0.114364386
-1.9541144,-1.8855762,0.06853819,-2.1097693,-2.0246334,0.08513594
-1.9425089,-1.8615341,0.08097482,-2.0972393,-2.207064,-0.10982466
-1.9307383,-1.866204,0.06453431,-2.084531,-1.9573535,0.1271776
-1.889565,-1.8824205,0.007144451,-2.0400782,-2.1677709,-0.1276927
-1.949138,-1.8899106,0.059227467,-2.1043966,-1.9671803,0.13721633
-2.426693,-2.528877,-0.10218406,-2.619991,-2.351857,0.26813412
-2.2826505,-2.3924365,-0.10978603,-2.464475,-2.1990829,0.26539207
-2.4332974,-2.2598052,0.1734922,-2.6271214,-2.2566886,0.37043285
-2.6034021,-2.6008177,0.0025844574,-2.810776,-2.1311457,0.6796303
-2.4160616,-1.9006364,0.5154252,-2.6085129,-1.9766324,0.6318805
-2.41271,-2.1415534,0.27115655,-2.6048942,-2.1529174,0.45197678
-2.5917635,-2.059426,0.5323374,-2.7982101,-2.1388178,0.65939236
-2.4225776,-2.024367,0.39821053,-2.6155481,-2.1406572,0.47489095
-2.333716,-1.8272318,0.50648415,-2.519608,-1.982882,0.536726
-2.7656007,-2.4739888,0.2916119,-2.9858944,-2.2808683,0.70502615
-2.656766,-2.5274403,0.12932563,-2.8683903,-1.9996635,0.86872685
-2.468392,-2.0393162,0.42907572,-2.6650114,-2.0896618,0.57534957
-2.3341997,-2.0770056,0.25719404,-2.5201304,-2.0610104,0.45912004
-2.5602384,-1.9830779,0.5771605,-2.764174,-1.9766104,0.78756356
-2.4011092,-2.18767,0.21343923,-2.5923696,-2.1853797,0.4069898
-2.2608988,-1.9364387,0.32446015,-2.4409907,-1.9934998,0.44749093
-2.2986116,-2.2842395,0.01437211,-2.4817076,-2.1837287,0.29797888
-2.1537943,-2.0337465,0.12004781,-2.3253548,-2.0015905,0.32376432
-2.1042,-1.9012535,0.20294642,-2.2718098,-2.0510638,0.22074604
-2.4021509,-2.130189,0.27196193,-2.5934942,-1.9814984,0.6119958
-2.5639277,-2.1114411,0.45248652,-2.7681572,-2.1747303,0.59342694
-2.631733,-2.125947,0.50578594,-2.8413634,-2.0738091,0.7675543
-2.4696064,-1.9972292,0.47237718,-2.666323,-2.140645,0.5256779
-2.3173952,-2.3153224,0.0020728111,-2.5019872,-2.2375274,0.26445985
-2.343892,-1.9864805,0.35741162,-2.5305948,-1.964861,0.5657338
-2.3643336,-2.0046985,0.3596351,-2.5526648,-2.1528702,0.39979458
-2.3267474,-1.9618918,0.36485565,-2.5120842,-2.1067553,0.405329
-2.2482042,-1.9465464,0.3016578,-2.4272847,-2.052138,0.37514663
-2.2856934,-1.8775387,0.40815473,-2.46776,-2.1246743,0.34308577
-2.1752017,-2.1651983,0.010003328,-2.348467,-2.1077251,0.24074197
-2.0739727,-1.9465076,0.12746513,-2.2391748,-1.9911603,0.24801457
-2.12347,-1.9225193,0.20095074,-2.292615,-2.0933514,0.19926357
-2.043752,-1.8566396,0.18711233,-2.206547,-2.003675,0.20287204
-2.0726955,-1.8643773,0.20831823,-2.2377958,-1.9702321,0.2675637
-1.9897306,-1.9336997,0.05603087,-2.1482224,-2.1572666,-0.00904417
-1.9083021,-1.8609049,0.047397137,-2.0603077,-1.9610456,0.09926212
-1.9259295,-1.9694444,-0.043514848,-2.0793393,-2.0192795,0.060059786
-2.5670211,-2.6175194,-0.050498247,-2.771497,-2.1216226,0.64987445
-2.4183967,-2.5160904,-0.09769368,-2.611034,-2.3183424,0.29269147
-2.2704268,-2.1831975,0.08722925,-2.4512775,-2.1478257,0.30345178
-2.1658895,-2.1211357,0.04475379,-2.3384132,-2.042894,0.29551935
-2.0550842,-1.9055961,0.14948809,-2.218782,-1.9751613,0.24362063
-2.1278026,-2.177964,-0.05016136,-2.2972927,-2.1215048,0.17578793
-2.0376434,-1.9296197,0.10802376,-2.199952,-2.1219547,0.07799721
-1.9987392,-1.9597907,0.038948536,-2.1579487,-2.0603008,0.097647905
-1.9289411,-1.9173212,0.0116199255,-2.0825908,-2.11863,-0.036039114
-1.8524987,-1.8177118,0.03478682,-2.0000594,-1.9913899,0.008669496
-1.7881165,-1.9219201,-0.1338036,-1.9305487,-1.9568199,-0.026271224
-1.7027495,-1.8608959,-0.15814638,-1.8383819,-2.0046885,-0.16630661
-1.7592858,-1.8758824,-0.11659658,-1.8994216,-2.0109775,-0.111555934
-1.6859902,-1.8694564,-0.1834662,-1.8202876,-2.1312704,-0.31098282
-1.6343122,-1.9057773,-0.27146518,-1.7644931,-1.9686038,-0.20411074
-1.6827983,-1.8345945,-0.15179622,-1.8168414,-2.0111613,-0.19431996
-1.7965026,-1.9088179,-0.1123153,-1.9396029,-1.9694076,-0.029804707
-1.741345,-1.9503893,-0.20904422,-1.8800517,-2.0006766,-0.1206249
-1.9793096,-1.8280617,0.15124786,-2.1369712,-1.9857256,0.1512456
-1.8954844,-2.011933,-0.11644864,-2.0464692,-2.2788398,-0.23237062
-2.1247346,-2.0966558,0.028078794,-2.2939801,-2.0300517,0.2639284
-2.021348,-2.1768343,-0.15548635,-2.1823583,-2.0794408,0.10291743
-2.2649455,-2.195093,0.06985259,-2.4453595,-2.1860218,0.25933766
-2.1812778,-2.4453802,-0.26410246,-2.3550272,-2.0107725,0.34425473
-2.0681984,-1.9553015,0.11289692,-2.2329407,-2.0005248,0.23241591
-2.042658,-2.2325304,-0.18987226,-2.205366,-2.1273515,0.078014374
-1.9294347,-1.8681699,0.061264753,-2.0831237,-2.0016582,0.08146548
-1.9024043,-1.8118224,0.090581894,-2.0539403,-2.1533883,-0.099447966
-1.8239424,-1.8194934,0.00444901,-1.9692284,-1.9871504,-0.017922044
-1.7356738,-1.9068124,-0.17113864,-1.8739287,-1.9575605,-0.08363187
-1.9168094,-2.0105608,-0.09375131,-2.0694928,-2.0429661,0.02652669
-2.0766373,-1.9568715,0.11976576,-2.2420516,-2.144386,0.09766555
-2.0410228,-1.948559,0.09246373,-2.2036004,-2.0379899,0.16561055
-1.9595187,-1.8418972,0.11762142,-2.1156042,-1.9685503,0.14705384
-1.8860251,-1.8318425,0.05418253,-2.0362563,-1.9814986,0.054757714
-1.8670386,-1.8114891,0.055549502,-2.0157573,-1.985631,0.030126333
-1.7864827,-1.8460327,-0.059550047,-1.9287848,-2.0713391,-0.14255428
-1.7069457,-1.8435221,-0.13657641,-1.8429123,-1.9918568,-0.1489445
-1.7253699,-1.8597552,-0.13438523,-1.8628042,-2.1158,-0.25299573
-1.6653186,-1.8441893,-0.17887068,-1.7979695,-1.9931389,-0.19516945
-2.0241232,-1.981105,0.04301822,-2.1853545,-1.9629167,0.22243774
-1.962816,-2.0945706,-0.13175464,-2.119164,-2.1536343,-0.03447032
-1.9139605,-1.8860816,0.02787888,-2.066417,-1.987554,0.078863025
-1.8486805,-1.8471332,0.0015473366,-1.995937,-2.066002,-0.0700649
-1.95538,-1.8847029,0.07067704,-2.1111357,-1.9680767,0.14305902
-2.4385357,-2.3829155,0.055620193,-2.6327772,-2.0694928,0.5632844
-2.9152038,-2.4818094,0.43339443,-3.1474142,-2.1569047,0.9905095
-2.7033374,-2.4515157,0.25182176,-2.9186716,-2.1081178,0.8105538
-2.6409376,-2.1401825,0.5007551,-2.8513012,-2.1599643,0.69133687
-2.4918652,-2.0707436,0.4211216,-2.6903543,-2.0745401,0.6158142
-2.4499164,-1.8271368,0.6227796,-2.6450644,-1.983522,0.6615423
-2.393329,-1.9368697,0.45645916,-2.5839694,-2.3121614,0.2718079
-2.2964005,-1.8553749,0.4410256,-2.47932,-1.9733495,0.5059706
-2.1920981,-1.8703763,0.3217218,-2.3667097,-2.1501188,0.21659088
-2.5659542,-2.494103,0.07185125,-2.7703452,-2.308345,0.46200013
-2.4108741,-2.486219,-0.0753448,-2.6029122,-2.1605153,0.44239688
-2.2746623,-2.0989134,0.17574883,-2.4558504,-2.1087923,0.34705806
-2.2188468,-2.178707,0.040139914,-2.3955889,-2.0482466,0.34734225
-2.1528645,-1.8411962,0.31166828,-2.3243506,-1.9792017,0.34514892
-2.7407527,-3.2713451,-0.53059244,-2.9590673,-2.2363796,0.7226877
-2.5691943,-2.7921982,-0.22300386,-2.7738435,-2.3117774,0.46206617
-2.419498,-2.3185606,0.10093737,-2.6122227,-2.1936326,0.41859007
-2.283533,-2.6741924,-0.39065933,-2.4654279,-2.376187,0.08924079
-2.2482338,-1.9061354,0.34209836,-2.4273167,-2.0063689,0.4209478
-2.2072854,-2.090128,0.11715746,-2.3831067,-2.1590285,0.22407818
-2.1449223,-1.8840382,0.26088405,-2.3157759,-2.0922513,0.22352457
-2.040631,-2.1546273,-0.11399627,-2.2031775,-2.210419,-0.0072414875
-2.0537794,-1.8677008,0.18607855,-2.217373,-1.9718627,0.24551022
-1.9504045,-2.1541758,-0.20377123,-2.105764,-2.1060143,-0.0002503395
-1.9792387,-2.001294,-0.02205515,-2.136895,-2.0357935,0.1011014
-2.032911,-1.8943706,0.1385405,-2.1948423,-2.0047748,0.19006753
-1.937758,-1.8903148,0.04744315,-2.09211,-2.0875368,0.0045731068
-1.8648173,-1.929576,-0.06475878,-2.013359,-2.1871393,-0.1737802
-1.9109542,-1.8137201,0.09723413,-2.0631711,-2.0287786,0.034392595
-2.162722,-1.9205341,0.24218798,-2.3349936,-2.058372,0.27662158
-2.051314,-2.453563,-0.40224886,-2.2147114,-2.3512955,-0.13658404
-2.093615,-1.9107691,0.18284595,-2.2603817,-2.0120199,0.24836183
-2.0435839,-2.1029317,-0.059347868,-2.2063653,-1.9675444,0.23882091
-2.553371,-2.7330685,-0.17969751,-2.7567596,-2.2594707,0.49728894
-2.7394333,-2.4939735,0.2454598,-2.9576428,-2.4697764,0.4878664
-2.5618095,-2.1195862,0.4422233,-2.7658703,-2.0868227,0.6790476
-2.6718936,-2.7560256,-0.084131956,-2.8847232,-2.1341422,0.750581
-2.625667,-2.3590255,0.26664162,-2.8348145,-2.0029025,0.83191204
-2.4957924,-1.8481289,0.6476635,-2.6945946,-2.0398402,0.6547544
-2.4214659,-1.9949793,0.4264866,-2.6143477,-2.0312278,0.58311987
-2.4193192,-1.8387542,0.580565,-2.61203,-2.144817,0.46721292
-2.3350976,-1.9599906,0.37510693,-2.5210996,-2.1238449,0.3972547
-2.2620282,-1.8482519,0.41377628,-2.4422097,-2.1119556,0.33025408
-2.162979,-2.3049889,-0.14200997,-2.335271,-2.1916592,0.14361167
-2.1901236,-1.9782581,0.21186543,-2.3645778,-2.0270727,0.3375051
-2.1260543,-1.9311783,0.19487596,-2.2954051,-2.1161683,0.17923689
-2.027099,-1.8316259,0.19547296,-2.1885672,-1.9703493,0.21821785
-1.9453752,-1.8426422,0.102733016,-2.100334,-1.9736211,0.1267128
-1.8865192,-1.8342185,0.05230069,-2.0367897,-2.0087938,0.027995825
-1.8831626,-1.8259319,0.05723071,-2.0331657,-2.103187,-0.07002139
-2.0833225,-1.8562574,0.22706509,-2.2492695,-2.0460036,0.2032659
-2.0118682,-2.0047486,0.0071196556,-2.1721234,-2.1953022,-0.023178816
-2.0186014,-1.8161126,0.20248878,-2.179393,-1.9776089,0.20178413
-2.0930986,-2.007398,0.08570075,-2.2598243,-2.1143048,0.1455195
-2.0962245,-1.8643041,0.23192048,-2.263199,-1.9855248,0.27767432
-2.002115,-1.909857,0.09225798,-2.1615934,-2.1224961,0.03909731
-1.9252697,-1.8782912,0.046978474,-2.0786269,-1.9843668,0.0942601
-1.8645185,-1.8546927,0.009825826,-2.0130367,-1.9911792,0.0218575
-1.8699968,-1.840298,0.02969873,-2.0189512,-1.9953659,0.02358532
-1.8604982,-1.8440975,0.016400695,-2.008696,-2.0860846,-0.077388525
-2.2269435,-2.2359016,-0.008958101,-2.4043307,-2.0296028,0.37472796
-2.3346188,-2.2668707,0.06774807,-2.5205827,-2.1871977,0.333385
-2.2725012,-1.9007639,0.37173736,-2.4535172,-2.014795,0.43872213
-2.3726943,-2.4075842,-0.034889936,-2.5616913,-2.3981593,0.16353202
-2.2895205,-2.0415604,0.24796009,-2.471892,-1.9725897,0.4993024
-2.3188787,-1.9331102,0.3857684,-2.503589,-1.9899546,0.5136343
-2.5634887,-2.3633761,0.20011258,-2.7676835,-1.9862299,0.7814536
-2.4202123,-2.1440783,0.276134,-2.6129942,-2.0989008,0.5140934
-2.2865992,-1.8853987,0.4012004,-2.468738,-2.0279653,0.44077277
-2.2978952,-1.9942765,0.30361867,-2.480934,-1.9566153,0.5243186
-2.3125532,-1.8736145,0.43893862,-2.4967594,-2.0308483,0.46591115
-2.1958063,-1.9310176,0.26478863,-2.3707132,-2.0906124,0.28010082
-2.1128578,-1.8765328,0.23632503,-2.2811575,-2.006419,0.27473855
-2.0561223,-1.829984,0.22613835,-2.2199025,-2.0255933,0.19430923
-1.9785874,-1.8615494,0.11703801,-2.1361916,-2.0017729,0.13441873
-2.0562012,-1.877352,0.17884922,-2.2199879,-1.9934424,0.22654545
-2.0043457,-1.8994339,0.104911804,-2.1640017,-2.0858486,0.07815313
-2.0348465,-1.8142359,0.22061062,-2.196932,-1.9787881,0.21814394
-1.9767452,-1.9692032,0.007542014,-2.1342027,-2.186237,-0.052034378
-1.9349072,-1.865916,0.068991184,-2.0890322,-1.976245,0.11278713
-1.9530374,-1.853331,0.09970641,-2.1086063,-2.023809,0.08479738
-1.9459836,-1.8410565,0.10492718,-2.1009908,-1.9686683,0.13232243
-1.9585541,-1.8452678,0.113286376,-2.1145627,-1.9876207,0.12694204
-1.8917294,-1.9415817,-0.04985237,-2.042415,-1.9588472,0.08356774
-1.824248,-1.8234699,0.00077807903,-1.9695584,-1.9912014,-0.021643043
-1.8315474,-1.8448249,-0.013277531,-1.9774392,-2.0891662,-0.111727
-1.8597596,-1.8399943,0.019765258,-2.0078986,-2.0770202,-0.0691216
-1.8140333,-1.8437679,-0.029734612,-1.95853,-1.9911733,-0.03264332
-1.7823161,-1.8533396,-0.071023464,-1.9242864,-1.9627401,-0.0384537
-1.778605,-1.9081836,-0.12957859,-1.9202796,-1.959849,-0.039569378
-1.7189852,-1.8538456,-0.1348604,-1.8559108,-2.0057945,-0.14988375
-1.7059517,-1.8514032,-0.14545155,-1.8418391,-1.9890959,-0.14725685
-1.657915,-1.8156,-0.15768504,-1.7899761,-2.031693,-0.24171686
-1.7703233,-1.8954458,-0.12512255,-1.9113382,-1.9624711,-0.051132917
-1.8562862,-1.9306301,-0.07434392,-2.0041485,-2.1212218,-0.1170733
-1.8312593,-1.8246828,0.006576419,-1.9771281,-1.9911891,-0.014060974
-1.7949486,-1.8557634,-0.060814857,-1.9379251,-1.9603341,-0.022408962
-1.7541441,-1.8191159,-0.064971805,-1.8938704,-1.9923687,-0.098498344
-1.7561407,-1.8473822,-0.09124148,-1.8960259,-1.9733683,-0.07734239
-1.7908214,-1.8155811,-0.02475965,-1.9334692,-1.9652803,-0.031811118
-1.7222002,-1.8114467,-0.08924651,-1.8593819,-1.9877236,-0.12834167
-1.6853452,-1.8733143,-0.18796909,-1.8195912,-1.995178,-0.17558682
-1.7233676,-1.8364083,-0.113040686,-1.8606423,-1.9864788,-0.12583649
-1.7710178,-1.8113537,-0.040335894,-1.912088,-1.9556216,-0.043533564
-1.7336845,-1.8234942,-0.089809656,-1.871781,-1.9761041,-0.10432315
-1.6904234,-1.8293985,-0.13897514,-1.8250738,-1.984528,-0.1594541
-1.6415832,-1.8477464,-0.20616317,-1.7723434,-2.0051327,-0.23278928
-1.5893863,-1.8127202,-0.22333384,-1.7159888,-2.0151632,-0.29917443
-1.6401768,-1.8994448,-0.25926805,-1.7708249,-1.990954,-0.22012913
-1.5787864,-1.8132936,-0.2345072,-1.7045445,-1.9948791,-0.29033458
-1.541116,-1.8205204,-0.2794044,-1.6638734,-1.9990977,-0.33522427
-1.4756638,-1.8679026,-0.39223886,-1.5932076,-1.9880133,-0.39480567
-1.4636512,-1.8263452,-0.36269403,-1.5802382,-2.0113745,-0.43113625
-1.4214137,-1.8249763,-0.40356266,-1.5346363,-2.0602882,-0.52565193
-1.5668442,-1.8659178,-0.29907358,-1.691651,-1.9918584,-0.30020738
-1.6464585,-1.9224466,-0.2759881,-1.7776071,-2.0862415,-0.3086344
-1.5942804,-1.8401201,-0.24583972,-1.7212727,-1.9602376,-0.23896492
-1.5531323,-1.8549749,-0.30184257,-1.676847,-1.9607253,-0.28387833
-1.4987528,-1.8267093,-0.32795644,-1.6181358,-2.014603,-0.3964671
-1.4452385,-1.850355,-0.40511656,-1.5603588,-2.0118113,-0.4514525
-1.4779952,-1.8849505,-0.40695536,-1.5957247,-2.0132644,-0.41753972
-1.4305874,-1.8231661,-0.39257872,-1.5445408,-2.0616887,-0.5171479
-1.4727626,-1.8466564,-0.37389386,-1.5900754,-1.990565,-0.40048957
-1.4233423,-1.8365575,-0.41321516,-1.5367186,-1.9713241,-0.43460548
-1.374336,-1.837325,-0.46298897,-1.4838086,-1.9975102,-0.51370156
-1.3238864,-1.834235,-0.51034856,-1.4293404,-2.0013175,-0.57197714
-1.3310958,-1.8129051,-0.48180926,-1.4371241,-2.018199,-0.58107483
-1.3177012,-1.8521411,-0.5344399,-1.4226625,-2.0511377,-0.6284752
-1.2597706,-1.8403997,-0.5806291,-1.3601174,-2.0131974,-0.65308
-1.2123733,-1.8681092,-0.65573597,-1.3089447,-2.0093174,-0.7003727
-1.1655067,-1.8289789,-0.6634722,-1.258345,-2.0215015,-0.76315653
-1.607,-1.9375929,-0.33059287,-1.7350054,-2.0394754,-0.30447006
-1.6951007,-1.9931022,-0.29800153,-1.8301238,-2.1849797,-0.3548559
-1.6572644,-1.8704755,-0.21321118,-1.7892736,-1.9917736,-0.20249999
-1.7334132,-1.9320824,-0.1986692,-1.8714881,-2.0692277,-0.1977396
-1.651728,-1.841143,-0.18941498,-1.7832962,-1.9934099,-0.21011364
-2.3549821,-2.987987,-0.6330049,-2.5425682,-2.3179367,0.22463155
-2.3458123,-2.6764407,-0.3306284,-2.5326679,-2.31228,0.22038794
-2.2196808,-2.252548,-0.032867193,-2.3964894,-2.1928217,0.20366764
-2.450437,-2.7691605,-0.31872344,-2.6456265,-2.2258115,0.41981506
-2.3227105,-2.097557,0.22515345,-2.507726,-2.0398612,0.46786475
-2.3813057,-2.2840595,0.09724617,-2.5709887,-2.1707294,0.40025926
-2.269501,-2.2524846,0.01701641,-2.450278,-2.3533773,0.0969007
-2.7091465,-2.970564,-0.2614174,-2.9249434,-2.4194653,0.50547814
-2.578908,-2.8331563,-0.25424838,-2.7843308,-2.1872768,0.597054
-2.4348629,-2.2805042,0.15435863,-2.6288118,-2.1611645,0.4676473
-2.3625638,-2.7358613,-0.37329745,-2.5507538,-2.2895985,0.26115537
-2.2595894,-1.9395831,0.32000637,-2.439577,-1.972992,0.46658516
-2.1660006,-1.9382534,0.2277472,-2.3385332,-2.164799,0.17373419
-2.3478234,-2.2971435,0.050679922,-2.5348392,-1.9672927,0.5675465
-2.3205652,-2.1730678,0.14749742,-2.5054097,-2.336582,0.16882777
-2.2713423,-1.8817677,0.38957453,-2.452266,-2.052185,0.40008092
-2.2976246,-2.0260124,0.27161217,-2.4806416,-1.9746095,0.5060321
-2.3157964,-2.0832098,0.23258662,-2.500261,-2.1141348,0.38612628
-2.4861388,-2.1386564,0.34748244,-2.6841722,-2.0359895,0.64818263
-2.4092367,-2.1177988,0.29143786,-2.6011443,-2.2836556,0.31748867
-2.3003685,-2.0369601,0.26340842,-2.4836044,-2.0511475,0.43245697
-2.2919765,-2.032732,0.25924444,-2.4745438,-1.9712713,0.50327253
-2.2961202,-1.9169815,0.3791387,-2.4790175,-2.1086159,0.37040162
-2.187363,-2.3019722,-0.11460924,-2.361597,-2.214669,0.14692807
-2.4481273,-2.2829154,0.16521192,-2.6431327,-2.2295935,0.41353917
-2.4577825,-2.2190747,0.23870778,-2.653557,-2.3272748,0.32628226
-2.3351886,-2.059892,0.2752967,-2.521198,-2.0352595,0.48593855
-2.278328,-2.227433,0.050894976,-2.4598079,-2.149745,0.3100629
-2.2048826,-1.89124,0.31364262,-2.3805125,-1.9845755,0.39593697
-2.103362,-1.8209162,0.2824459,-2.270905,-2.049786,0.22111893
-2.102977,-2.0467064,0.0562706,-2.2704895,-2.0415792,0.22891021
-2.484554,-2.6477823,-0.16322827,-2.682461,-2.0460014,0.6364596
-2.625435,-2.3934667,0.2319684,-2.834564,-2.209332,0.625232
-2.5638475,-2.2456324,0.31821513,-2.7680707,-1.9608898,0.8071809
-2.4282315,-2.1339655,0.294266,-2.6216521,-2.0902925,0.5313597
-2.322072,-1.8898427,0.43222928,-2.5070364,-1.9715852,0.5354513
-2.228264,-1.8348397,0.3934244,-2.4057562,-1.9796016,0.4261546
-2.2012577,-1.8401575,0.3611002,-2.3765988,-1.9661685,0.4104303
-2.1649332,-1.9077756,0.25715756,-2.337381,-2.145355,0.1920259
-2.1901643,-1.8692908,0.3208735,-2.3646216,-2.0110676,0.353554
-2.215392,-1.9222223,0.29316986,-2.3918588,-1.9717417,0.42011714
-2.1561606,-2.1717892,-0.015628576,-2.3279095,-2.126176,0.20173335
-2.0828915,-1.8662695,0.216622,-2.248804,-1.9653336,0.2834705
-2.318213,-2.138971,0.1792419,-2.50287,-2.0194702,0.48339987
-2.2100234,-2.1733236,0.036699772,-2.3860629,-2.4569845,-0.07092166
-2.242515,-1.9965506,0.24596453,-2.4211426,-2.0276659,0.39347672
-2.142042,-2.0562818,0.08576012,-2.3126662,-2.233175,0.07949114
-2.322898,-2.2910519,0.031846046,-2.5079284,-2.300826,0.2071023
-2.2407374,-2.4118824,-0.17114496,-2.4192233,-2.0042331,0.4149902
-2.294257,-2.074727,0.21952987,-2.477006,-2.032893,0.44411302
-2.191597,-2.1707916,0.020805359,-2.3661685,-2.4609697,-0.09480119
-2.1322958,-1.8861527,0.2461431,-2.3021438,-1.9588801,0.34326375
-2.0760431,-1.9649441,0.111099005,-2.2414103,-2.1980226,0.04338765
-2.0084295,-1.8987985,0.10963106,-2.168411,-1.9866085,0.18180251
-1.9363703,-2.2857506,-0.34938037,-2.0906117,-2.2003608,-0.10974908
-1.8656611,-1.8664305,-0.00076937675,-2.0142703,-2.0120575,0.0022127628
-1.8873125,-1.8488256,0.038486958,-2.0376463,-2.157886,-0.120239735
-2.039127,-1.8714627,0.16766441,-2.2015538,-2.1468503,0.054703474
-1.9555935,-1.9735922,-0.017998695,-2.1113663,-2.204781,-0.09341478
-2.0833616,-1.9769524,0.10640919,-2.249312,-2.119967,0.12934494
-2.0088112,-2.1848357,-0.17602444,-2.168823,-2.0042808,0.1645422
-2.0197978,-1.9959656,0.023832202,-2.1806846,-2.1128,0.06788468
-2.284254,-2.2998605,-0.015606403,-2.466206,-1.9951705,0.4710356
-2.2489557,-2.0339272,0.21502852,-2.4280963,-2.187664,0.24043226
-2.1740239,-1.9216193,0.25240457,-2.3471956,-1.9567147,0.39048088
-2.0907307,-1.9294415,0.16128922,-2.2572677,-2.1366942,0.12057352
-2.016044,-1.8918028,0.12424111,-2.1766317,-1.9683483,0.20828342
-1.9410132,-1.844176,0.09683716,-2.0956244,-1.9661348,0.12948966
-1.945849,-1.8620223,0.08382666,-2.1008453,-1.990906,0.10993934
-1.8889793,-1.9530756,-0.06409633,-2.0394459,-2.2092118,-0.16976595
-1.930248,-1.850549,0.07969904,-2.0840018,-1.9574053,0.12659645
-1.8909001,-1.9455143,-0.054614186,-2.0415196,-2.1964004,-0.15488076
-1.8420376,-1.868769,-0.026731491,-1.9887649,-1.9686145,0.020150423
-1.961309,-1.9813297,-0.020020723,-2.117537,-2.058865,0.05867195
-1.8948804,-1.9245224,-0.029641986,-2.045817,-2.1103864,-0.06456947
-1.8841271,-1.8941343,-0.010007143,-2.034207,-2.0454407,-0.011233568
-1.8470078,-1.8659227,-0.018914938,-1.994131,-2.066,-0.071869016
-1.9327931,-1.8159331,0.11686003,-2.0867496,-1.960399,0.12635052
-2.0203788,-1.9555123,0.06486654,-2.181312,-2.081286,0.10002613
-2.0318217,-1.8448107,0.187011,-2.1936662,-2.009514,0.18415213
-1.9541737,-1.8647077,0.089465976,-2.1098332,-1.9948996,0.11493361
-1.8851094,-1.8190824,0.066027045,-2.0352676,-1.9925648,0.042702794
-1.8279115,-1.8563551,-0.028443575,-1.9735137,-2.025565,-0.052051187
-1.9721341,-1.8269625,0.14517164,-2.1292243,-2.0036037,0.1256206
-1.906176,-1.9666811,-0.06050515,-2.0580122,-2.190526,-0.13251376
-1.8339847,-1.8364507,-0.0024659634,-1.9800706,-1.9634584,0.016612172
-1.7975338,-1.8446852,-0.047151446,-1.9407161,-1.9966326,-0.05591643
-1.7967931,-1.8649161,-0.06812298,-1.9399165,-1.988878,-0.04896152
-1.8019241,-1.8169214,-0.014997244,-1.9454561,-2.1596346,-0.21417844
-1.7820277,-1.8553883,-0.07336056,-1.923975,-1.978419,-0.054443955
-1.7219266,-1.8140018,-0.09207523,-1.8590864,-2.0812535,-0.22216713
-1.677243,-1.8982362,-0.22099316,-1.8108437,-1.9813131,-0.1704694
-1.813551,-1.8217226,-0.008171678,-1.9580092,-1.9790717,-0.021062493
-1.7886398,-1.9008144,-0.11217463,-1.9311137,-2.0636146,-0.13250089
-1.7825043,-1.817842,-0.035337687,-1.9244896,-1.9562836,-0.031793952
-1.7250644,-1.8575048,-0.13244045,-1.8624743,-2.074801,-0.21232665
-1.6672814,-1.8110838,-0.1438024,-1.8000885,-2.0116827,-0.21159422
-1.7232635,-1.8508401,-0.12757659,-1.8605299,-2.0881462,-0.22761631
-1.724759,-1.8470451,-0.12228608,-1.8621445,-2.0124855,-0.15034103
-1.6767864,-1.8222331,-0.14544666,-1.8103507,-2.0118585,-0.2015078
-1.6500387,-1.8784981,-0.22845936,-1.7814724,-1.9862995,-0.20482707
-1.5932835,-1.8328004,-0.23951685,-1.7201964,-2.0000207,-0.27982438
-1.5765723,-1.8283776,-0.2518053,-1.7021539,-2.0004778,-0.29832387
-1.523723,-1.8515112,-0.32778823,-1.6450951,-1.9974947,-0.3523996
-1.4793332,-1.8589497,-0.3796165,-1.5971694,-2.0122855,-0.41511607
-1.6123794,-1.8380615,-0.22568202,-1.7408135,-2.0473688,-0.30655527
-1.6256785,-1.894193,-0.2685145,-1.7551718,-2.0206819,-0.26551008
-1.5762343,-1.8392947,-0.26306033,-1.7017891,-1.9633937,-0.26160455
-1.6032761,-1.8145765,-0.21130037,-1.7309849,-1.9842129,-0.25322795
-1.5735712,-1.8155044,-0.24193323,-1.6989138,-1.9918543,-0.2929405
-1.613134,-1.8968793,-0.2837453,-1.741628,-1.9807476,-0.23911953
-1.5886117,-1.8988725,-0.31026077,-1.7151525,-2.120418,-0.40526557
-1.5632938,-1.8314215,-0.26812768,-1.6878178,-1.9954756,-0.30765784
-1.5687912,-1.8362265,-0.2674353,-1.6937531,-1.98425,-0.29049683
-1.544154,-1.8250791,-0.28092504,-1.6671536,-1.9929261,-0.32577252
-1.5193768,-1.8303448,-0.31096804,-1.6404026,-1.9962454,-0.35584283
-1.5611751,-1.8377051,-0.27653003,-1.6855304,-1.9963124,-0.31078196
-1.5690126,-1.8758965,-0.3068838,-1.6939921,-2.0804553,-0.38646317
-1.5387475,-1.8305264,-0.2917788,-1.6613164,-1.974426,-0.31310964
-1.5336901,-1.8748885,-0.34119844,-1.655856,-1.9800131,-0.32415712
-1.5037961,-1.8150297,-0.31123364,-1.6235809,-2.0071142,-0.38353324
-1.4836807,-1.8377159,-0.35403514,-1.6018631,-2.0049634,-0.40310025
-1.4922576,-1.8354882,-0.3432306,-1.6111232,-2.0001934,-0.38907015
-1.4818926,-1.8330787,-0.35118616,-1.5999326,-2.0488427,-0.44891012
-1.4910114,-1.8541491,-0.36313772,-1.6097778,-1.993294,-0.3835162
-1.4662176,-1.833754,-0.3675363,-1.5830091,-2.0058331,-0.42282403
-1.4330086,-1.811775,-0.37876642,-1.5471547,-2.0120435,-0.4648888
-1.3985548,-1.8481017,-0.44954693,-1.5099565,-2.0125713,-0.50261486
-1.5550377,-1.8126831,-0.25764537,-1.6789042,-1.9629815,-0.2840773
-1.5152755,-1.9466834,-0.43140793,-1.6359746,-2.1936164,-0.55764174
-1.4890342,-1.9104037,-0.42136955,-1.607643,-1.9870903,-0.37944734
-1.461348,-1.814684,-0.35333598,-1.5777516,-2.0766666,-0.49891496
-1.3939313,-1.8344477,-0.44051647,-1.5049647,-2.0189524,-0.51398766
-1.3724515,-1.8567433,-0.4842918,-1.481774,-1.9725152,-0.49074125
-1.3565562,-1.8137541,-0.4571979,-1.4646125,-2.018768,-0.5541556
-1.3158844,-1.8654064,-0.54952204,-1.420701,-1.9826124,-0.56191134
-1.322245,-1.8499087,-0.5276637,-1.4275682,-2.001544,-0.5739758
-1.309844,-1.8336068,-0.5237628,-1.4141796,-2.0202215,-0.6060419
-1.4992111,-1.9034224,-0.40421128,-1.6186306,-2.104967,-0.48633647
-1.4697464,-2.0299997,-0.5602534,-1.5868188,-2.21089,-0.62407124
-1.4421734,-1.8462157,-0.40404236,-1.5570495,-1.9720078,-0.41495824
-1.4148269,-1.8485405,-0.43371367,-1.5275247,-2.1935709,-0.66604614
-1.3818256,-1.8317406,-0.44991505,-1.4918947,-2.0177789,-0.52588415
-1.359929,-1.8331902,-0.47326124,-1.468254,-2.0951035,-0.62684953
-1.3315002,-1.8148581,-0.4833579,-1.4375607,-2.0233533,-0.58579266
-1.3102956,-1.87307,-0.5627744,-1.4146671,-1.9874077,-0.57274055
-1.3037331,-1.8369195,-0.53318644,-1.4075818,-2.0068932,-0.59931135
-1.3094127,-1.8693222,-0.55990946,-1.4137139,-1.9965221,-0.58280814
-1.2608706,-1.8467556,-0.58588505,-1.361305,-1.9815377,-0.6202327
-1.2393129,-1.8137037,-0.57439077,-1.3380303,-2.0101912,-0.67216086
-1.2211639,-1.852894,-0.6317301,-1.3184355,-2.058768,-0.7403325
-1.191332,-1.8244187,-0.6330867,-1.2862273,-2.0143142,-0.7280868
-1.1470096,-1.8306134,-0.68360376,-1.2383745,-2.0100543,-0.7716799
-1.2311399,-1.877834,-0.64669406,-1.3292062,-2.0210607,-0.6918545
-1.2170238,-1.8564581,-0.6394342,-1.3139657,-2.0688257,-0.75486004
-1.2031643,-1.8202039,-0.61703956,-1.2990022,-1.9895084,-0.6905062
-1.1570958,-1.8290979,-0.6720021,-1.249264,-2.0402646,-0.7910006
-1.183146,-1.8220844,-0.6389384,-1.2773893,-1.9995102,-0.7221209
-1.1767184,-1.8160952,-0.6393769,-1.2704496,-2.0262067,-0.7557571
-1.4036201,-1.9243598,-0.5207397,-1.5154253,-1.971387,-0.4559617
-1.3928612,-2.0313435,-0.6384822,-1.5038095,-2.2795038,-0.7756944
-1.3789568,-1.8162384,-0.4372816,-1.4887974,-1.9746815,-0.48588407
-1.4299153,-1.9396718,-0.50975645,-1.5438151,-2.049829,-0.5060139
-1.3862023,-1.8542489,-0.46804655,-1.4966202,-2.004485,-0.5078647
-1.5162804,-1.9005431,-0.38426268,-1.6370597,-2.0218058,-0.38474607
-1.4773368,-1.9679053,-0.49056852,-1.5950139,-2.1980114,-0.60299754
-1.4444035,-1.9365197,-0.4921162,-1.5594573,-1.9735185,-0.4140612
-1.4098351,-1.823299,-0.41346395,-1.5221354,-2.0036569,-0.4815215
-1.3786099,-1.8699265,-0.49131656,-1.4884229,-1.9969654,-0.50854254
-1.4523442,-1.8695272,-0.41718304,-1.5680305,-1.9779453,-0.40991485
-1.4513309,-1.8761314,-0.42480052,-1.5669366,-2.037382,-0.47044528
-1.4701564,-1.8404497,-0.37029326,-1.5872617,-2.0851498,-0.4978881
-1.4547275,-1.8734821,-0.41875458,-1.5706037,-2.0704448,-0.4998411
-1.425491,-1.8269236,-0.40143263,-1.5390383,-1.9898508,-0.45081246
-1.3869619,-1.8227688,-0.43580687,-1.4974402,-2.0000427,-0.50260246
-1.3760895,-1.8138711,-0.4377817,-1.4857018,-2.0160956,-0.53039384
-1.3400761,-1.8273947,-0.48731863,-1.4468198,-1.9965696,-0.54974985
-1.4083536,-1.9078045,-0.49945092,-1.5205358,-2.0420492,-0.52151334
-1.3849417,-1.8896875,-0.50474584,-1.495259,-2.1358862,-0.64062715
-1.3757348,-1.8554506,-0.47971582,-1.4853188,-1.9890414,-0.50372267
-1.3589647,-1.8421847,-0.48321998,-1.4672129,-1.9893453,-0.5221324
-1.3478457,-1.8270025,-0.47915685,-1.4552082,-2.004527,-0.5493189
-1.3213453,-1.817703,-0.49635768,-1.4265969,-1.9876786,-0.56108177
-1.2911472,-1.8166926,-0.52554536,-1.3939934,-2.0131216,-0.6191282
-1.2595537,-1.8200457,-0.56049204,-1.3598833,-2.106876,-0.7469926
-1.2271333,-1.8228564,-0.59572315,-1.3248804,-2.0221334,-0.697253
-1.2369022,-1.8723183,-0.63541603,-1.3354275,-2.00487,-0.6694424
-1.3410261,-1.8146236,-0.47359753,-1.4478453,-1.9597423,-0.51189697
-1.3044481,-1.8607403,-0.5562922,-1.4083538,-2.0436375,-0.6352837
-1.4467275,-1.8600842,-0.41335666,-1.5619664,-2.0500236,-0.48805714
-1.4120523,-1.9987396,-0.5866873,-1.5245291,-2.2805724,-0.7560433
-1.5609941,-2.099369,-0.5383749,-1.6853349,-2.1104198,-0.42508483
-1.5291437,-2.1665287,-0.637385,-1.6509475,-2.272192,-0.62124455
-1.5018653,-1.9171077,-0.41524243,-1.6214962,-1.9794745,-0.35797834
-1.4966973,-2.0247767,-0.5280794,-1.6159166,-2.008658,-0.39274132
-1.50654,-1.836281,-0.329741,-1.6265433,-1.9901514,-0.36360812
-1.5030837,-1.8526387,-0.34955502,-1.6228117,-2.1791344,-0.5563227
-1.7130827,-2.1639116,-0.4508289,-1.8495381,-1.9964318,-0.14689374
-1.7243401,-2.1529658,-0.4286257,-1.8616922,-2.2744489,-0.41275668
-1.8564545,-2.1031194,-0.24666488,-2.0043302,-2.1328542,-0.12852407
-1.8078606,-2.2533584,-0.44549775,-1.9518657,-2.2100751,-0.25820947
-1.7596109,-1.8869296,-0.12731874,-1.8997726,-1.9917364,-0.09196377
-1.8136643,-2.1398766,-0.3262123,-1.9581316,-2.0178013,-0.059669733
-1.7849655,-1.9039373,-0.118971825,-1.9271468,-2.040452,-0.11330521
-1.7467695,-1.8724442,-0.1256746,-1.8859084,-2.1452281,-0.25931978
-1.9144056,-2.117381,-0.20297551,-2.0668974,-2.035939,0.030958414
-1.916039,-2.0760849,-0.16004586,-2.068661,-2.2611287,-0.19246769
-1.8997663,-1.8439997,0.055766582,-2.0510921,-2.024298,0.026794195
-1.8747016,-1.8953348,-0.02063322,-2.0240307,-2.0959477,-0.07191706
-1.8720709,-1.8415843,0.030486584,-2.0211906,-1.9630586,0.058132052
-1.9264777,-1.9647872,-0.038309574,-2.079931,-2.1079812,-0.028050184
-1.8755656,-1.9981922,-0.12262654,-2.0249636,-2.1971898,-0.17222619
-1.9237027,-1.9819444,-0.058241725,-2.076935,-2.0229032,0.05403185
-1.9048568,-2.0267851,-0.121928334,-2.056588,-2.1174781,-0.060890198
-1.926791,-1.8136894,0.1131016,-2.0802693,-1.9902129,0.09005642
-2.0110998,-2.1634994,-0.15239954,-2.1712937,-2.0448885,0.12640524
-2.0247686,-1.9613034,0.06346524,-2.1860514,-2.0236244,0.16242695
-1.9910336,-1.8785543,0.11247921,-2.149629,-2.1730163,-0.023387194
-1.9723078,-1.8542931,0.11801469,-2.129412,-2.0070677,0.122344255
-2.031178,-1.9345795,0.096598506,-2.1929715,-1.979816,0.21315551
-2.0173385,-2.0161133,0.0012252331,-2.1780295,-1.9838227,0.19420683
-1.9549348,-1.8640133,0.09092152,-2.110655,-1.9598745,0.15078056
-1.9524249,-1.8422176,0.11020732,-2.1079452,-2.0057695,0.10217571
-1.9236795,-1.8786952,0.04498422,-2.07691,-2.0576844,0.019225597
-2.092987,-2.3747625,-0.28177547,-2.2597039,-2.0433009,0.21640301
-2.1015906,-2.1825497,-0.08095908,-2.2689927,-2.3862052,-0.117212534
-2.096123,-2.0418403,0.054282665,-2.2630897,-2.1093888,0.15370083
-2.0527494,-2.133302,-0.08055258,-2.2162611,-1.9773823,0.23887885
-2.0312421,-1.8781915,0.15305066,-2.1930406,-1.9736251,0.21941555
-2.004512,-1.9000187,0.10449338,-2.1641815,-2.0844262,0.079755306
-1.947419,-1.8273687,0.12005031,-2.1025405,-1.9711685,0.13137197
-1.9114158,-1.8554205,0.055995345,-2.0636697,-2.1437492,-0.080079556
-1.8554237,-1.8607855,-0.0053617954,-2.0032175,-2.0148823,-0.011664867
-1.8630342,-1.9141122,-0.051077962,-2.011434,-1.9834387,0.027995348
-1.8437222,-1.8163441,0.027378082,-1.9905838,-1.9683096,0.022274137
-1.880306,-1.9026583,-0.022352338,-2.0300817,-2.0006025,0.029479265
-1.9294049,-1.9728626,-0.043457747,-2.0830915,-2.1506405,-0.06754899
-1.8823788,-1.9015393,-0.01916051,-2.0323195,-2.0375836,-0.005264044
-1.8314002,-1.849342,-0.017941833,-1.9772801,-1.9608703,0.016409874
-1.848957,-1.8353497,0.013607264,-1.9962354,-1.9981619,-0.0019265413
-1.8018888,-1.8161939,-0.014305115,-1.9454181,-1.9942487,-0.04883063
-2.038919,-2.6127052,-0.57378626,-2.201329,-2.2003427,0.0009863377
-1.9865892,-2.505133,-0.5185437,-2.1448307,-2.2218993,-0.07706857
-2.0800219,-2.374927,-0.2949052,-2.2457058,-2.2770128,-0.031306982
-2.2680688,-2.7598825,-0.49181366,-2.4487317,-1.9950821,0.45364952
-2.1897826,-2.128574,0.061208725,-2.3642094,-2.087799,0.27641034
-2.2551498,-2.575251,-0.32010126,-2.4347837,-2.2105544,0.22422934
-2.182289,-2.3384602,-0.15617132,-2.356119,-2.1326613,0.22345757
-2.1866283,-1.9714762,0.21515214,-2.360804,-2.0152857,0.34551835
-2.3393745,-2.534376,-0.19500136,-2.5257175,-1.985985,0.53973246
-2.259332,-2.1464758,0.11285615,-2.4392989,-2.2378635,0.20143533
-2.183895,-1.8398015,0.34409356,-2.357853,-2.026887,0.330966
-2.178589,-1.9913815,0.18720758,-2.3521245,-2.064898,0.28722644
-2.1469932,-1.8988949,0.24809825,-2.3180118,-1.9901348,0.32787693
-2.1384892,-1.8821182,0.25637102,-2.3088303,-2.0441213,0.264709
-2.1034687,-1.9088283,0.1946404,-2.2710204,-2.1285715,0.1424489
-2.0484686,-1.8876934,0.16077518,-2.2116394,-2.0792556,0.13238382
-2.0405958,-1.8464341,0.19416165,-2.2031393,-1.9626927,0.24044657
-2.4120755,-3.0069356,-0.5948601,-2.6042092,-2.3305197,0.2736895
-2.3308828,-2.7652197,-0.4343369,-2.516549,-2.329618,0.18693113
-2.2958887,-2.2947488,0.0011398792,-2.4787676,-2.1581044,0.3206632
-2.227382,-2.485479,-0.25809717,-2.404804,-2.0979338,0.30687022
-2.1594348,-1.8448908,0.31454396,-2.3314445,-1.9736408,0.3578037
-2.1688917,-2.2498393,-0.08094764,-2.3416545,-1.9714234,0.37023115
-2.124464,-1.9041737,0.2202903,-2.293688,-2.0639503,0.22973776
-2.0559514,-1.8370779,0.2188735,-2.2197182,-1.9620595,0.25765872
-1.9983929,-1.8340083,0.1643846,-2.157575,-1.9976225,0.1599524
-2.0342314,-1.895003,0.13922846,-2.196268,-2.0559142,0.14035392
-2.0998647,-2.0207505,0.0791142,-2.2671294,-2.0682294,0.19889998
-2.0352535,-1.963146,0.07210755,-2.1973717,-2.1159217,0.081449986
-1.9876391,-1.9207528,0.066886306,-2.1459644,-2.0635114,0.08245301
-1.9346579,-1.8728181,0.06183982,-2.088763,-2.0170114,0.071751595
-1.9483192,-1.842526,0.10579324,-2.1035125,-1.9673175,0.13619506
-2.0079925,-1.9235388,0.0844537,-2.167939,-2.0902069,0.077732086
-1.9579742,-2.080079,-0.12210488,-2.1139364,-2.068161,0.045775414
-1.9057417,-1.8211043,0.0846374,-2.0575435,-1.9584516,0.09909189
-1.890407,-1.8751734,0.015233517,-2.0409873,-1.9845252,0.05646205
-1.8667309,-1.839078,0.027652979,-2.0154252,-2.1179922,-0.10256696
-1.9461287,-1.9267341,0.019394636,-2.1011474,-1.9695016,0.1316458
-1.8928058,-1.97504,-0.082234144,-2.0435772,-2.1014001,-0.057822943
-1.8390851,-1.8522601,-0.013175011,-1.9855772,-1.976749,0.008828282
-1.7878104,-2.0995798,-0.31176937,-1.9302183,-2.0263784,-0.096160054
-1.8323718,-1.8823322,-0.049960375,-1.9783293,-1.9553591,0.0229702
-1.8324196,-1.9600085,-0.12758887,-1.9783809,-2.2114046,-0.23302364
-1.7842982,-1.8204463,-0.03614807,-1.9264263,-1.9795887,-0.053162456
-1.7670418,-1.8868659,-0.11982405,-1.9077954,-2.144043,-0.23624754
-1.7558243,-1.8582155,-0.102391124,-1.8956844,-2.1036198,-0.20793545
-1.7109168,-2.0654845,-0.35456777,-1.8471997,-2.0445614,-0.19736171
-1.745163,-2.034312,-0.28914905,-1.8841738,-2.054824,-0.17065036
-1.6971813,-1.8518262,-0.15464485,-1.8323702,-1.9818029,-0.14943278
-1.695441,-1.8373804,-0.1419394,-1.8304913,-1.9642111,-0.1337198
-1.6578307,-1.8767401,-0.21890938,-1.789885,-2.1155777,-0.32569265
-1.6244266,-1.8226175,-0.19819093,-1.7538202,-1.9996942,-0.24587405
-1.5877967,-1.8350092,-0.24721253,-1.7142725,-2.0055418,-0.2912693
-1.565608,-1.8265471,-0.26093912,-1.6903164,-2.01296,-0.32264352
-1.5285538,-1.842093,-0.31353915,-1.6503106,-1.9866568,-0.33634615
-1.4905045,-1.8252269,-0.3347224,-1.6092305,-2.0203564,-0.4111259
-1.4800881,-1.8162205,-0.3361324,-1.5979844,-2.0028663,-0.40488183
-1.4740102,-1.8395674,-0.3655572,-1.5914223,-1.9865975,-0.39517522
-1.4409287,-1.8381824,-0.39725375,-1.5557058,-1.9897414,-0.43403566
